ISO-10303-21;
HEADER;
/* Generated by software containing ST-Developer
 * from STEP Tools, Inc. (www.steptools.com) 
 */

FILE_DESCRIPTION(
/* description */ (''),
/* implementation_level */ '2;1');

FILE_NAME(
/* name */ 'TOOLHEAD v2.step',
/* time_stamp */ '2025-08-04T16:56:16+05:30',
/* author */ (''),
/* organization */ (''),
/* preprocessor_version */ 'ST-DEVELOPER v20.1',
/* originating_system */ 'Autodesk Translation Framework v14.10.0.0',
/* authorisation */ '');

FILE_SCHEMA (('AUTOMOTIVE_DESIGN { 1 0 10303 214 3 1 1 }'));
ENDSEC;

DATA;
#10=MECHANICAL_DESIGN_GEOMETRIC_PRESENTATION_REPRESENTATION('',(#17),#4847);
#11=ITEM_DEFINED_TRANSFORMATION($,$,#2920,#3115);
#12=(
REPRESENTATION_RELATIONSHIP($,$,#4858,#4857)
REPRESENTATION_RELATIONSHIP_WITH_TRANSFORMATION(#11)
SHAPE_REPRESENTATION_RELATIONSHIP()
);
#13=CONTEXT_DEPENDENT_SHAPE_REPRESENTATION(#12,#4856);
#14=NEXT_ASSEMBLY_USAGE_OCCURRENCE('Component23:1','Component23:1',
'Component23:1',#4860,#4861,'Component23:1');
#15=SHAPE_REPRESENTATION_RELATIONSHIP('SRR','None',#4858,#16);
#16=ADVANCED_BREP_SHAPE_REPRESENTATION('',(#18),#4846);
#17=STYLED_ITEM('',(#4876),#18);
#18=MANIFOLD_SOLID_BREP('Body1',#2906);
#19=CONICAL_SURFACE('',#2975,2.5,0.785398163397444);
#20=CONICAL_SURFACE('',#2979,2.5,0.785398163397443);
#21=(
BOUNDED_SURFACE()
B_SPLINE_SURFACE(2,2,((#4027,#4028,#4029),(#4030,#4031,#4032),(#4033,#4034,
#4035)),.UNSPECIFIED.,.F.,.F.,.F.)
B_SPLINE_SURFACE_WITH_KNOTS((3,3),(3,3),(-3.1720657846433E-16,1.5707963267949),
(2.41803544306415,3.08580381217463),.UNSPECIFIED.)
GEOMETRIC_REPRESENTATION_ITEM()
RATIONAL_B_SPLINE_SURFACE(((1.,0.944776567357842,1.),(0.707106781186545,
0.668057917484877,0.707106781186545),(1.,0.944776567357842,1.)))
REPRESENTATION_ITEM('')
SURFACE()
);
#22=(
BOUNDED_SURFACE()
B_SPLINE_SURFACE(2,2,((#4126,#4127,#4128),(#4129,#4130,#4131),(#4132,#4133,
#4134)),.UNSPECIFIED.,.F.,.F.,.F.)
B_SPLINE_SURFACE_WITH_KNOTS((3,3),(3,3),(-3.1720657846433E-16,1.5707963267949),
(-3.08580381217463,-2.43568333697741),.UNSPECIFIED.)
GEOMETRIC_REPRESENTATION_ITEM()
RATIONAL_B_SPLINE_SURFACE(((1.,0.947631490301044,1.),(0.707106781186547,
0.670076652857782,0.707106781186547),(1.,0.947631490301044,1.)))
REPRESENTATION_ITEM('')
SURFACE()
);
#23=B_SPLINE_SURFACE_WITH_KNOTS('',3,1,((#3995,#3996),(#3997,#3998),(#3999,
#4000),(#4001,#4002)),.UNSPECIFIED.,.F.,.F.,.F.,(4,4),(2,2),(3.22587695019389,
3.30471712704492),(0.,0.3),.UNSPECIFIED.);
#24=B_SPLINE_SURFACE_WITH_KNOTS('',3,1,((#4556,#4557),(#4558,#4559),(#4560,
#4561),(#4562,#4563),(#4564,#4565),(#4566,#4567),(#4568,#4569),(#4570,#4571),
(#4572,#4573),(#4574,#4575),(#4576,#4577),(#4578,#4579),(#4580,#4581),(#4582,
#4583),(#4584,#4585),(#4586,#4587),(#4588,#4589),(#4590,#4591)),
 .UNSPECIFIED.,.F.,.F.,.F.,(4,2,2,2,2,2,2,2,4),(2,2),(-4.63261396493057,
-4.50303243220196,-4.37345089947334,-4.24376822858115,-4.11408555768895,
-3.98439879817012,-3.8547120386513,-3.72425103718802,-3.59379003572473),
(0.,3.4),.UNSPECIFIED.);
#25=B_SPLINE_CURVE_WITH_KNOTS('',3,(#3892,#3893,#3894,#3895,#3896,#3897,
#3898),.UNSPECIFIED.,.F.,.F.,(4,3,4),(-0.0276320732023969,-0.00468287260914725,
0.),.UNSPECIFIED.);
#26=B_SPLINE_CURVE_WITH_KNOTS('',3,(#4004,#4005,#4006,#4007),
 .UNSPECIFIED.,.F.,.F.,(4,4),(0.,0.07926705246897),.UNSPECIFIED.);
#27=B_SPLINE_CURVE_WITH_KNOTS('',3,(#4010,#4011,#4012,#4013),
 .UNSPECIFIED.,.F.,.F.,(4,4),(3.25562915260867,3.30471712704492),
 .UNSPECIFIED.);
#28=B_SPLINE_CURVE_WITH_KNOTS('',3,(#4021,#4022,#4023,#4024,#4025,#4026),
 .UNSPECIFIED.,.F.,.F.,(4,2,4),(1.27508036862393,1.33296169079463,1.33665617887591),
 .UNSPECIFIED.);
#29=B_SPLINE_CURVE_WITH_KNOTS('',3,(#4037,#4038,#4039,#4040,#4041,#4042,
#4043,#4044,#4045,#4046,#4047,#4048,#4049,#4050,#4051,#4052,#4053,#4054),
 .UNSPECIFIED.,.F.,.F.,(4,2,2,2,2,2,2,2,4),(1.44911301153795,1.57861102576498,
1.70810903999201,1.84096182202896,1.9738146040659,2.10584847255381,2.23788234104172,
2.40422871849982,2.50594008083291),.UNSPECIFIED.);
#30=B_SPLINE_CURVE_WITH_KNOTS('',3,(#4058,#4059,#4060,#4061,#4062,#4063,
#4064,#4065,#4066,#4067,#4068,#4069,#4070,#4071,#4072,#4073,#4074,#4075),
 .UNSPECIFIED.,.F.,.F.,(4,2,2,2,2,2,2,2,4),(1.54420465497686,1.67378618770547,
1.80336772043409,1.93305039132629,2.06273306221849,2.19241982173731,2.32210658125613,
2.45256758271942,2.5830285841827),.UNSPECIFIED.);
#31=B_SPLINE_CURVE_WITH_KNOTS('',3,(#4116,#4117,#4118,#4119,#4120,#4121),
 .UNSPECIFIED.,.F.,.F.,(4,2,4),(0.609545022704024,0.625179441527647,0.684985589038185),
 .UNSPECIFIED.);
#32=B_SPLINE_CURVE_WITH_KNOTS('',3,(#4138,#4139,#4140,#4141,#4142,#4143,
#4144,#4145,#4146,#4147,#4148,#4149,#4150,#4151,#4152,#4153,#4154,#4155,
#4156,#4157,#4158,#4159,#4160,#4161,#4162),.UNSPECIFIED.,.F.,.F.,(4,3,3,
3,3,3,3,3,4),(3.59379003572473,3.72425103718802,3.8547120386513,3.98439879817012,
4.11408555768895,4.24376822858115,4.37345089947334,4.50303243220196,4.63261396493057),
 .UNSPECIFIED.);
#33=B_SPLINE_CURVE_WITH_KNOTS('',3,(#4165,#4166,#4167,#4168,#4169,#4170,
#4171,#4172,#4173,#4174,#4175,#4176,#4177,#4178,#4179,#4180,#4181,#4182),
 .UNSPECIFIED.,.F.,.F.,(4,2,2,2,2,2,2,2,4),(3.30471712704492,3.39222332765199,
3.55856970511009,3.690603573598,3.82263744208591,3.95549022412285,4.08834300615979,
4.21784102038682,4.34733903461386),.UNSPECIFIED.);
#34=B_SPLINE_CURVE_WITH_KNOTS('',3,(#4593,#4594,#4595,#4596,#4597,#4598,
#4599,#4600,#4601,#4602,#4603,#4604,#4605,#4606,#4607,#4608,#4609,#4610,
#4611,#4612,#4613,#4614,#4615,#4616,#4617),.UNSPECIFIED.,.F.,.F.,(4,3,3,
3,3,3,3,3,4),(-4.63261396493057,-4.50303243220196,-4.37345089947334,-4.24376822858115,
-4.11408555768895,-3.98439879817012,-3.8547120386513,-3.72425103718802,
-3.59379003572473),.UNSPECIFIED.);
#35=FACE_BOUND('',#333,.T.);
#36=FACE_BOUND('',#335,.T.);
#37=FACE_BOUND('',#336,.T.);
#38=FACE_BOUND('',#337,.T.);
#39=FACE_BOUND('',#340,.T.);
#40=FACE_BOUND('',#341,.T.);
#41=FACE_BOUND('',#342,.T.);
#42=FACE_BOUND('',#343,.T.);
#43=FACE_BOUND('',#345,.T.);
#44=FACE_BOUND('',#352,.T.);
#45=FACE_BOUND('',#353,.T.);
#46=FACE_BOUND('',#354,.T.);
#47=FACE_BOUND('',#355,.T.);
#48=FACE_BOUND('',#356,.T.);
#49=FACE_BOUND('',#369,.T.);
#50=FACE_BOUND('',#370,.T.);
#51=FACE_BOUND('',#371,.T.);
#52=FACE_BOUND('',#372,.T.);
#53=FACE_BOUND('',#373,.T.);
#54=FACE_BOUND('',#374,.T.);
#55=FACE_BOUND('',#383,.T.);
#56=FACE_BOUND('',#401,.T.);
#57=FACE_BOUND('',#402,.T.);
#58=FACE_BOUND('',#403,.T.);
#59=FACE_BOUND('',#404,.T.);
#60=FACE_BOUND('',#419,.T.);
#61=FACE_BOUND('',#420,.T.);
#62=FACE_BOUND('',#421,.T.);
#63=FACE_BOUND('',#422,.T.);
#64=FACE_BOUND('',#423,.T.);
#65=FACE_BOUND('',#424,.T.);
#66=FACE_BOUND('',#425,.T.);
#67=FACE_BOUND('',#426,.T.);
#68=FACE_BOUND('',#429,.T.);
#69=FACE_BOUND('',#430,.T.);
#70=FACE_BOUND('',#431,.T.);
#71=FACE_BOUND('',#432,.T.);
#72=FACE_BOUND('',#433,.T.);
#73=FACE_BOUND('',#440,.T.);
#74=FACE_BOUND('',#441,.T.);
#75=FACE_BOUND('',#442,.T.);
#76=FACE_BOUND('',#443,.T.);
#77=FACE_BOUND('',#444,.T.);
#78=FACE_BOUND('',#445,.T.);
#79=FACE_BOUND('',#446,.T.);
#80=FACE_BOUND('',#447,.T.);
#81=FACE_BOUND('',#448,.T.);
#82=FACE_BOUND('',#489,.T.);
#83=FACE_BOUND('',#490,.T.);
#84=FACE_BOUND('',#491,.T.);
#85=FACE_BOUND('',#506,.T.);
#86=PLANE('',#2924);
#87=PLANE('',#2928);
#88=PLANE('',#2932);
#89=PLANE('',#2933);
#90=PLANE('',#2937);
#91=PLANE('',#2938);
#92=PLANE('',#2939);
#93=PLANE('',#2942);
#94=PLANE('',#2947);
#95=PLANE('',#2950);
#96=PLANE('',#2951);
#97=PLANE('',#2952);
#98=PLANE('',#2953);
#99=PLANE('',#2954);
#100=PLANE('',#2955);
#101=PLANE('',#2956);
#102=PLANE('',#2957);
#103=PLANE('',#2958);
#104=PLANE('',#2959);
#105=PLANE('',#2964);
#106=PLANE('',#2965);
#107=PLANE('',#2966);
#108=PLANE('',#2967);
#109=PLANE('',#2968);
#110=PLANE('',#2969);
#111=PLANE('',#2970);
#112=PLANE('',#2971);
#113=PLANE('',#2984);
#114=PLANE('',#2985);
#115=PLANE('',#2986);
#116=PLANE('',#2987);
#117=PLANE('',#2992);
#118=PLANE('',#2993);
#119=PLANE('',#2994);
#120=PLANE('',#2995);
#121=PLANE('',#2996);
#122=PLANE('',#3001);
#123=PLANE('',#3002);
#124=PLANE('',#3004);
#125=PLANE('',#3005);
#126=PLANE('',#3015);
#127=PLANE('',#3016);
#128=PLANE('',#3017);
#129=PLANE('',#3018);
#130=PLANE('',#3019);
#131=PLANE('',#3020);
#132=PLANE('',#3021);
#133=PLANE('',#3027);
#134=PLANE('',#3028);
#135=PLANE('',#3029);
#136=PLANE('',#3030);
#137=PLANE('',#3031);
#138=PLANE('',#3036);
#139=PLANE('',#3042);
#140=PLANE('',#3043);
#141=PLANE('',#3044);
#142=PLANE('',#3045);
#143=PLANE('',#3046);
#144=PLANE('',#3048);
#145=PLANE('',#3049);
#146=PLANE('',#3050);
#147=PLANE('',#3051);
#148=PLANE('',#3052);
#149=PLANE('',#3054);
#150=PLANE('',#3055);
#151=PLANE('',#3062);
#152=PLANE('',#3063);
#153=PLANE('',#3064);
#154=PLANE('',#3065);
#155=PLANE('',#3066);
#156=PLANE('',#3067);
#157=PLANE('',#3068);
#158=PLANE('',#3069);
#159=PLANE('',#3070);
#160=PLANE('',#3083);
#161=PLANE('',#3084);
#162=PLANE('',#3085);
#163=PLANE('',#3086);
#164=PLANE('',#3087);
#165=PLANE('',#3088);
#166=PLANE('',#3089);
#167=PLANE('',#3090);
#168=PLANE('',#3091);
#169=PLANE('',#3092);
#170=PLANE('',#3093);
#171=PLANE('',#3094);
#172=PLANE('',#3095);
#173=PLANE('',#3096);
#174=PLANE('',#3097);
#175=PLANE('',#3098);
#176=PLANE('',#3099);
#177=PLANE('',#3100);
#178=PLANE('',#3101);
#179=PLANE('',#3102);
#180=PLANE('',#3103);
#181=PLANE('',#3104);
#182=PLANE('',#3105);
#183=PLANE('',#3106);
#184=PLANE('',#3107);
#185=PLANE('',#3108);
#186=PLANE('',#3109);
#187=PLANE('',#3110);
#188=PLANE('',#3111);
#189=PLANE('',#3112);
#190=PLANE('',#3113);
#191=PLANE('',#3114);
#192=FACE_OUTER_BOUND('',#331,.T.);
#193=FACE_OUTER_BOUND('',#332,.T.);
#194=FACE_OUTER_BOUND('',#334,.T.);
#195=FACE_OUTER_BOUND('',#338,.T.);
#196=FACE_OUTER_BOUND('',#339,.T.);
#197=FACE_OUTER_BOUND('',#344,.T.);
#198=FACE_OUTER_BOUND('',#346,.T.);
#199=FACE_OUTER_BOUND('',#347,.T.);
#200=FACE_OUTER_BOUND('',#348,.T.);
#201=FACE_OUTER_BOUND('',#349,.T.);
#202=FACE_OUTER_BOUND('',#350,.T.);
#203=FACE_OUTER_BOUND('',#351,.T.);
#204=FACE_OUTER_BOUND('',#357,.T.);
#205=FACE_OUTER_BOUND('',#358,.T.);
#206=FACE_OUTER_BOUND('',#359,.T.);
#207=FACE_OUTER_BOUND('',#360,.T.);
#208=FACE_OUTER_BOUND('',#361,.T.);
#209=FACE_OUTER_BOUND('',#362,.T.);
#210=FACE_OUTER_BOUND('',#363,.T.);
#211=FACE_OUTER_BOUND('',#364,.T.);
#212=FACE_OUTER_BOUND('',#365,.T.);
#213=FACE_OUTER_BOUND('',#366,.T.);
#214=FACE_OUTER_BOUND('',#367,.T.);
#215=FACE_OUTER_BOUND('',#368,.T.);
#216=FACE_OUTER_BOUND('',#375,.T.);
#217=FACE_OUTER_BOUND('',#376,.T.);
#218=FACE_OUTER_BOUND('',#377,.T.);
#219=FACE_OUTER_BOUND('',#378,.T.);
#220=FACE_OUTER_BOUND('',#379,.T.);
#221=FACE_OUTER_BOUND('',#380,.T.);
#222=FACE_OUTER_BOUND('',#381,.T.);
#223=FACE_OUTER_BOUND('',#382,.T.);
#224=FACE_OUTER_BOUND('',#384,.T.);
#225=FACE_OUTER_BOUND('',#385,.T.);
#226=FACE_OUTER_BOUND('',#386,.T.);
#227=FACE_OUTER_BOUND('',#387,.T.);
#228=FACE_OUTER_BOUND('',#388,.T.);
#229=FACE_OUTER_BOUND('',#389,.T.);
#230=FACE_OUTER_BOUND('',#390,.T.);
#231=FACE_OUTER_BOUND('',#391,.T.);
#232=FACE_OUTER_BOUND('',#392,.T.);
#233=FACE_OUTER_BOUND('',#393,.T.);
#234=FACE_OUTER_BOUND('',#394,.T.);
#235=FACE_OUTER_BOUND('',#395,.T.);
#236=FACE_OUTER_BOUND('',#396,.T.);
#237=FACE_OUTER_BOUND('',#397,.T.);
#238=FACE_OUTER_BOUND('',#398,.T.);
#239=FACE_OUTER_BOUND('',#399,.T.);
#240=FACE_OUTER_BOUND('',#400,.T.);
#241=FACE_OUTER_BOUND('',#405,.T.);
#242=FACE_OUTER_BOUND('',#406,.T.);
#243=FACE_OUTER_BOUND('',#407,.T.);
#244=FACE_OUTER_BOUND('',#408,.T.);
#245=FACE_OUTER_BOUND('',#409,.T.);
#246=FACE_OUTER_BOUND('',#410,.T.);
#247=FACE_OUTER_BOUND('',#411,.T.);
#248=FACE_OUTER_BOUND('',#412,.T.);
#249=FACE_OUTER_BOUND('',#413,.T.);
#250=FACE_OUTER_BOUND('',#414,.T.);
#251=FACE_OUTER_BOUND('',#415,.T.);
#252=FACE_OUTER_BOUND('',#416,.T.);
#253=FACE_OUTER_BOUND('',#417,.T.);
#254=FACE_OUTER_BOUND('',#418,.T.);
#255=FACE_OUTER_BOUND('',#427,.T.);
#256=FACE_OUTER_BOUND('',#428,.T.);
#257=FACE_OUTER_BOUND('',#434,.T.);
#258=FACE_OUTER_BOUND('',#435,.T.);
#259=FACE_OUTER_BOUND('',#436,.T.);
#260=FACE_OUTER_BOUND('',#437,.T.);
#261=FACE_OUTER_BOUND('',#438,.T.);
#262=FACE_OUTER_BOUND('',#439,.T.);
#263=FACE_OUTER_BOUND('',#449,.T.);
#264=FACE_OUTER_BOUND('',#450,.T.);
#265=FACE_OUTER_BOUND('',#451,.T.);
#266=FACE_OUTER_BOUND('',#452,.T.);
#267=FACE_OUTER_BOUND('',#453,.T.);
#268=FACE_OUTER_BOUND('',#454,.T.);
#269=FACE_OUTER_BOUND('',#455,.T.);
#270=FACE_OUTER_BOUND('',#456,.T.);
#271=FACE_OUTER_BOUND('',#457,.T.);
#272=FACE_OUTER_BOUND('',#458,.T.);
#273=FACE_OUTER_BOUND('',#459,.T.);
#274=FACE_OUTER_BOUND('',#460,.T.);
#275=FACE_OUTER_BOUND('',#461,.T.);
#276=FACE_OUTER_BOUND('',#462,.T.);
#277=FACE_OUTER_BOUND('',#463,.T.);
#278=FACE_OUTER_BOUND('',#464,.T.);
#279=FACE_OUTER_BOUND('',#465,.T.);
#280=FACE_OUTER_BOUND('',#466,.T.);
#281=FACE_OUTER_BOUND('',#467,.T.);
#282=FACE_OUTER_BOUND('',#468,.T.);
#283=FACE_OUTER_BOUND('',#469,.T.);
#284=FACE_OUTER_BOUND('',#470,.T.);
#285=FACE_OUTER_BOUND('',#471,.T.);
#286=FACE_OUTER_BOUND('',#472,.T.);
#287=FACE_OUTER_BOUND('',#473,.T.);
#288=FACE_OUTER_BOUND('',#474,.T.);
#289=FACE_OUTER_BOUND('',#475,.T.);
#290=FACE_OUTER_BOUND('',#476,.T.);
#291=FACE_OUTER_BOUND('',#477,.T.);
#292=FACE_OUTER_BOUND('',#478,.T.);
#293=FACE_OUTER_BOUND('',#479,.T.);
#294=FACE_OUTER_BOUND('',#480,.T.);
#295=FACE_OUTER_BOUND('',#481,.T.);
#296=FACE_OUTER_BOUND('',#482,.T.);
#297=FACE_OUTER_BOUND('',#483,.T.);
#298=FACE_OUTER_BOUND('',#484,.T.);
#299=FACE_OUTER_BOUND('',#485,.T.);
#300=FACE_OUTER_BOUND('',#486,.T.);
#301=FACE_OUTER_BOUND('',#487,.T.);
#302=FACE_OUTER_BOUND('',#488,.T.);
#303=FACE_OUTER_BOUND('',#492,.T.);
#304=FACE_OUTER_BOUND('',#493,.T.);
#305=FACE_OUTER_BOUND('',#494,.T.);
#306=FACE_OUTER_BOUND('',#495,.T.);
#307=FACE_OUTER_BOUND('',#496,.T.);
#308=FACE_OUTER_BOUND('',#497,.T.);
#309=FACE_OUTER_BOUND('',#498,.T.);
#310=FACE_OUTER_BOUND('',#499,.T.);
#311=FACE_OUTER_BOUND('',#500,.T.);
#312=FACE_OUTER_BOUND('',#501,.T.);
#313=FACE_OUTER_BOUND('',#502,.T.);
#314=FACE_OUTER_BOUND('',#503,.T.);
#315=FACE_OUTER_BOUND('',#504,.T.);
#316=FACE_OUTER_BOUND('',#505,.T.);
#317=FACE_OUTER_BOUND('',#507,.T.);
#318=FACE_OUTER_BOUND('',#508,.T.);
#319=FACE_OUTER_BOUND('',#509,.T.);
#320=FACE_OUTER_BOUND('',#510,.T.);
#321=FACE_OUTER_BOUND('',#511,.T.);
#322=FACE_OUTER_BOUND('',#512,.T.);
#323=FACE_OUTER_BOUND('',#513,.T.);
#324=FACE_OUTER_BOUND('',#514,.T.);
#325=FACE_OUTER_BOUND('',#515,.T.);
#326=FACE_OUTER_BOUND('',#516,.T.);
#327=FACE_OUTER_BOUND('',#517,.T.);
#328=FACE_OUTER_BOUND('',#518,.T.);
#329=FACE_OUTER_BOUND('',#519,.T.);
#330=FACE_OUTER_BOUND('',#520,.T.);
#331=EDGE_LOOP('',(#1928,#1929,#1930,#1931));
#332=EDGE_LOOP('',(#1932,#1933,#1934,#1935,#1936,#1937,#1938,#1939,#1940,
#1941,#1942));
#333=EDGE_LOOP('',(#1943));
#334=EDGE_LOOP('',(#1944,#1945,#1946,#1947,#1948,#1949,#1950,#1951,#1952,
#1953));
#335=EDGE_LOOP('',(#1954,#1955,#1956,#1957));
#336=EDGE_LOOP('',(#1958,#1959,#1960,#1961));
#337=EDGE_LOOP('',(#1962,#1963,#1964));
#338=EDGE_LOOP('',(#1965,#1966,#1967,#1968));
#339=EDGE_LOOP('',(#1969,#1970,#1971,#1972,#1973,#1974,#1975,#1976));
#340=EDGE_LOOP('',(#1977,#1978,#1979));
#341=EDGE_LOOP('',(#1980,#1981,#1982,#1983));
#342=EDGE_LOOP('',(#1984,#1985,#1986,#1987));
#343=EDGE_LOOP('',(#1988,#1989,#1990,#1991));
#344=EDGE_LOOP('',(#1992,#1993,#1994,#1995,#1996,#1997,#1998,#1999));
#345=EDGE_LOOP('',(#2000));
#346=EDGE_LOOP('',(#2001,#2002,#2003));
#347=EDGE_LOOP('',(#2004,#2005,#2006,#2007));
#348=EDGE_LOOP('',(#2008,#2009,#2010));
#349=EDGE_LOOP('',(#2011,#2012,#2013,#2014,#2015,#2016,#2017,#2018));
#350=EDGE_LOOP('',(#2019,#2020,#2021,#2022,#2023));
#351=EDGE_LOOP('',(#2024,#2025,#2026,#2027,#2028,#2029,#2030,#2031,#2032,
#2033,#2034,#2035,#2036,#2037));
#352=EDGE_LOOP('',(#2038,#2039,#2040,#2041));
#353=EDGE_LOOP('',(#2042));
#354=EDGE_LOOP('',(#2043));
#355=EDGE_LOOP('',(#2044));
#356=EDGE_LOOP('',(#2045));
#357=EDGE_LOOP('',(#2046,#2047,#2048,#2049,#2050));
#358=EDGE_LOOP('',(#2051,#2052,#2053,#2054,#2055));
#359=EDGE_LOOP('',(#2056,#2057,#2058,#2059));
#360=EDGE_LOOP('',(#2060,#2061,#2062,#2063));
#361=EDGE_LOOP('',(#2064,#2065,#2066,#2067));
#362=EDGE_LOOP('',(#2068,#2069,#2070,#2071));
#363=EDGE_LOOP('',(#2072,#2073,#2074,#2075));
#364=EDGE_LOOP('',(#2076,#2077,#2078,#2079));
#365=EDGE_LOOP('',(#2080,#2081,#2082,#2083));
#366=EDGE_LOOP('',(#2084,#2085,#2086,#2087));
#367=EDGE_LOOP('',(#2088,#2089,#2090));
#368=EDGE_LOOP('',(#2091,#2092,#2093,#2094,#2095,#2096,#2097,#2098,#2099,
#2100,#2101,#2102,#2103,#2104,#2105,#2106,#2107,#2108));
#369=EDGE_LOOP('',(#2109));
#370=EDGE_LOOP('',(#2110));
#371=EDGE_LOOP('',(#2111));
#372=EDGE_LOOP('',(#2112));
#373=EDGE_LOOP('',(#2113,#2114,#2115,#2116));
#374=EDGE_LOOP('',(#2117,#2118,#2119,#2120));
#375=EDGE_LOOP('',(#2121,#2122,#2123,#2124));
#376=EDGE_LOOP('',(#2125,#2126,#2127,#2128));
#377=EDGE_LOOP('',(#2129,#2130,#2131,#2132));
#378=EDGE_LOOP('',(#2133,#2134,#2135,#2136));
#379=EDGE_LOOP('',(#2137,#2138,#2139,#2140));
#380=EDGE_LOOP('',(#2141,#2142,#2143,#2144));
#381=EDGE_LOOP('',(#2145,#2146,#2147,#2148));
#382=EDGE_LOOP('',(#2149,#2150,#2151,#2152,#2153,#2154,#2155,#2156));
#383=EDGE_LOOP('',(#2157));
#384=EDGE_LOOP('',(#2158,#2159,#2160,#2161));
#385=EDGE_LOOP('',(#2162,#2163,#2164,#2165));
#386=EDGE_LOOP('',(#2166,#2167,#2168,#2169));
#387=EDGE_LOOP('',(#2170,#2171,#2172,#2173));
#388=EDGE_LOOP('',(#2174,#2175,#2176,#2177));
#389=EDGE_LOOP('',(#2178,#2179,#2180,#2181));
#390=EDGE_LOOP('',(#2182,#2183,#2184,#2185));
#391=EDGE_LOOP('',(#2186,#2187,#2188,#2189));
#392=EDGE_LOOP('',(#2190,#2191,#2192,#2193));
#393=EDGE_LOOP('',(#2194,#2195,#2196,#2197));
#394=EDGE_LOOP('',(#2198,#2199,#2200,#2201));
#395=EDGE_LOOP('',(#2202,#2203,#2204,#2205));
#396=EDGE_LOOP('',(#2206,#2207,#2208,#2209));
#397=EDGE_LOOP('',(#2210,#2211,#2212,#2213));
#398=EDGE_LOOP('',(#2214,#2215,#2216,#2217));
#399=EDGE_LOOP('',(#2218,#2219,#2220,#2221,#2222,#2223));
#400=EDGE_LOOP('',(#2224,#2225,#2226,#2227,#2228,#2229,#2230,#2231,#2232,
#2233,#2234,#2235,#2236,#2237,#2238,#2239,#2240,#2241,#2242,#2243,#2244,
#2245));
#401=EDGE_LOOP('',(#2246,#2247,#2248,#2249));
#402=EDGE_LOOP('',(#2250,#2251,#2252,#2253));
#403=EDGE_LOOP('',(#2254));
#404=EDGE_LOOP('',(#2255));
#405=EDGE_LOOP('',(#2256,#2257,#2258,#2259,#2260,#2261));
#406=EDGE_LOOP('',(#2262,#2263,#2264));
#407=EDGE_LOOP('',(#2265,#2266,#2267,#2268));
#408=EDGE_LOOP('',(#2269,#2270,#2271,#2272,#2273,#2274,#2275,#2276,#2277,
#2278,#2279,#2280));
#409=EDGE_LOOP('',(#2281,#2282,#2283,#2284));
#410=EDGE_LOOP('',(#2285,#2286,#2287,#2288));
#411=EDGE_LOOP('',(#2289,#2290,#2291,#2292));
#412=EDGE_LOOP('',(#2293,#2294,#2295,#2296));
#413=EDGE_LOOP('',(#2297,#2298,#2299,#2300,#2301,#2302));
#414=EDGE_LOOP('',(#2303,#2304,#2305,#2306));
#415=EDGE_LOOP('',(#2307,#2308,#2309,#2310));
#416=EDGE_LOOP('',(#2311,#2312,#2313,#2314));
#417=EDGE_LOOP('',(#2315,#2316,#2317,#2318));
#418=EDGE_LOOP('',(#2319,#2320,#2321,#2322,#2323,#2324,#2325,#2326,#2327,
#2328,#2329,#2330,#2331));
#419=EDGE_LOOP('',(#2332,#2333,#2334));
#420=EDGE_LOOP('',(#2335,#2336,#2337,#2338));
#421=EDGE_LOOP('',(#2339,#2340,#2341,#2342));
#422=EDGE_LOOP('',(#2343));
#423=EDGE_LOOP('',(#2344));
#424=EDGE_LOOP('',(#2345));
#425=EDGE_LOOP('',(#2346));
#426=EDGE_LOOP('',(#2347,#2348,#2349,#2350));
#427=EDGE_LOOP('',(#2351,#2352,#2353,#2354,#2355));
#428=EDGE_LOOP('',(#2356,#2357,#2358,#2359,#2360,#2361,#2362,#2363,#2364,
#2365));
#429=EDGE_LOOP('',(#2366));
#430=EDGE_LOOP('',(#2367));
#431=EDGE_LOOP('',(#2368));
#432=EDGE_LOOP('',(#2369));
#433=EDGE_LOOP('',(#2370));
#434=EDGE_LOOP('',(#2371,#2372,#2373,#2374));
#435=EDGE_LOOP('',(#2375,#2376,#2377,#2378));
#436=EDGE_LOOP('',(#2379,#2380,#2381,#2382));
#437=EDGE_LOOP('',(#2383,#2384,#2385,#2386));
#438=EDGE_LOOP('',(#2387,#2388,#2389,#2390,#2391));
#439=EDGE_LOOP('',(#2392,#2393,#2394,#2395,#2396,#2397,#2398,#2399,#2400,
#2401,#2402,#2403,#2404,#2405,#2406));
#440=EDGE_LOOP('',(#2407,#2408,#2409));
#441=EDGE_LOOP('',(#2410,#2411,#2412,#2413));
#442=EDGE_LOOP('',(#2414,#2415,#2416,#2417));
#443=EDGE_LOOP('',(#2418,#2419,#2420,#2421));
#444=EDGE_LOOP('',(#2422));
#445=EDGE_LOOP('',(#2423));
#446=EDGE_LOOP('',(#2424));
#447=EDGE_LOOP('',(#2425,#2426,#2427,#2428));
#448=EDGE_LOOP('',(#2429));
#449=EDGE_LOOP('',(#2430,#2431,#2432,#2433));
#450=EDGE_LOOP('',(#2434,#2435,#2436,#2437));
#451=EDGE_LOOP('',(#2438,#2439,#2440,#2441));
#452=EDGE_LOOP('',(#2442,#2443,#2444,#2445));
#453=EDGE_LOOP('',(#2446,#2447,#2448,#2449));
#454=EDGE_LOOP('',(#2450,#2451,#2452,#2453,#2454,#2455));
#455=EDGE_LOOP('',(#2456,#2457,#2458,#2459));
#456=EDGE_LOOP('',(#2460,#2461,#2462,#2463));
#457=EDGE_LOOP('',(#2464,#2465,#2466,#2467));
#458=EDGE_LOOP('',(#2468,#2469,#2470,#2471));
#459=EDGE_LOOP('',(#2472,#2473,#2474,#2475,#2476,#2477,#2478));
#460=EDGE_LOOP('',(#2479,#2480,#2481,#2482));
#461=EDGE_LOOP('',(#2483,#2484,#2485,#2486));
#462=EDGE_LOOP('',(#2487,#2488,#2489,#2490));
#463=EDGE_LOOP('',(#2491,#2492,#2493,#2494));
#464=EDGE_LOOP('',(#2495,#2496,#2497,#2498,#2499,#2500,#2501));
#465=EDGE_LOOP('',(#2502,#2503,#2504,#2505,#2506));
#466=EDGE_LOOP('',(#2507,#2508,#2509,#2510,#2511));
#467=EDGE_LOOP('',(#2512,#2513,#2514,#2515));
#468=EDGE_LOOP('',(#2516,#2517,#2518,#2519));
#469=EDGE_LOOP('',(#2520,#2521,#2522,#2523));
#470=EDGE_LOOP('',(#2524,#2525,#2526,#2527));
#471=EDGE_LOOP('',(#2528,#2529,#2530,#2531));
#472=EDGE_LOOP('',(#2532,#2533,#2534,#2535));
#473=EDGE_LOOP('',(#2536,#2537,#2538,#2539));
#474=EDGE_LOOP('',(#2540,#2541,#2542,#2543,#2544,#2545,#2546,#2547));
#475=EDGE_LOOP('',(#2548,#2549,#2550,#2551));
#476=EDGE_LOOP('',(#2552,#2553,#2554,#2555));
#477=EDGE_LOOP('',(#2556,#2557,#2558,#2559));
#478=EDGE_LOOP('',(#2560,#2561,#2562,#2563));
#479=EDGE_LOOP('',(#2564,#2565,#2566,#2567));
#480=EDGE_LOOP('',(#2568,#2569,#2570,#2571));
#481=EDGE_LOOP('',(#2572,#2573,#2574,#2575));
#482=EDGE_LOOP('',(#2576,#2577,#2578,#2579));
#483=EDGE_LOOP('',(#2580,#2581,#2582,#2583));
#484=EDGE_LOOP('',(#2584,#2585,#2586,#2587));
#485=EDGE_LOOP('',(#2588,#2589,#2590,#2591));
#486=EDGE_LOOP('',(#2592,#2593,#2594,#2595));
#487=EDGE_LOOP('',(#2596,#2597,#2598,#2599));
#488=EDGE_LOOP('',(#2600,#2601,#2602,#2603,#2604,#2605));
#489=EDGE_LOOP('',(#2606));
#490=EDGE_LOOP('',(#2607));
#491=EDGE_LOOP('',(#2608));
#492=EDGE_LOOP('',(#2609,#2610,#2611,#2612));
#493=EDGE_LOOP('',(#2613,#2614,#2615,#2616,#2617,#2618,#2619));
#494=EDGE_LOOP('',(#2620,#2621,#2622,#2623,#2624,#2625));
#495=EDGE_LOOP('',(#2626,#2627,#2628,#2629));
#496=EDGE_LOOP('',(#2630,#2631,#2632,#2633));
#497=EDGE_LOOP('',(#2634,#2635,#2636,#2637));
#498=EDGE_LOOP('',(#2638,#2639,#2640,#2641));
#499=EDGE_LOOP('',(#2642,#2643,#2644,#2645,#2646,#2647));
#500=EDGE_LOOP('',(#2648,#2649,#2650,#2651));
#501=EDGE_LOOP('',(#2652,#2653,#2654,#2655));
#502=EDGE_LOOP('',(#2656,#2657,#2658,#2659,#2660,#2661,#2662));
#503=EDGE_LOOP('',(#2663,#2664,#2665,#2666,#2667));
#504=EDGE_LOOP('',(#2668,#2669,#2670,#2671));
#505=EDGE_LOOP('',(#2672,#2673,#2674,#2675,#2676,#2677,#2678,#2679,#2680,
#2681));
#506=EDGE_LOOP('',(#2682));
#507=EDGE_LOOP('',(#2683,#2684,#2685,#2686));
#508=EDGE_LOOP('',(#2687,#2688,#2689,#2690));
#509=EDGE_LOOP('',(#2691,#2692,#2693,#2694));
#510=EDGE_LOOP('',(#2695,#2696,#2697,#2698));
#511=EDGE_LOOP('',(#2699,#2700,#2701,#2702));
#512=EDGE_LOOP('',(#2703,#2704,#2705,#2706));
#513=EDGE_LOOP('',(#2707,#2708,#2709,#2710));
#514=EDGE_LOOP('',(#2711,#2712,#2713,#2714,#2715));
#515=EDGE_LOOP('',(#2716,#2717,#2718,#2719));
#516=EDGE_LOOP('',(#2720,#2721,#2722,#2723));
#517=EDGE_LOOP('',(#2724,#2725,#2726,#2727));
#518=EDGE_LOOP('',(#2728,#2729,#2730,#2731));
#519=EDGE_LOOP('',(#2732,#2733,#2734,#2735));
#520=EDGE_LOOP('',(#2736,#2737,#2738,#2739));
#521=LINE('',#3854,#858);
#522=LINE('',#3857,#859);
#523=LINE('',#3861,#860);
#524=LINE('',#3863,#861);
#525=LINE('',#3869,#862);
#526=LINE('',#3870,#863);
#527=LINE('',#3872,#864);
#528=LINE('',#3874,#865);
#529=LINE('',#3876,#866);
#530=LINE('',#3877,#867);
#531=LINE('',#3882,#868);
#532=LINE('',#3884,#869);
#533=LINE('',#3886,#870);
#534=LINE('',#3888,#871);
#535=LINE('',#3890,#872);
#536=LINE('',#3900,#873);
#537=LINE('',#3901,#874);
#538=LINE('',#3904,#875);
#539=LINE('',#3906,#876);
#540=LINE('',#3908,#877);
#541=LINE('',#3909,#878);
#542=LINE('',#3912,#879);
#543=LINE('',#3914,#880);
#544=LINE('',#3916,#881);
#545=LINE('',#3917,#882);
#546=LINE('',#3920,#883);
#547=LINE('',#3922,#884);
#548=LINE('',#3923,#885);
#549=LINE('',#3929,#886);
#550=LINE('',#3932,#887);
#551=LINE('',#3935,#888);
#552=LINE('',#3937,#889);
#553=LINE('',#3939,#890);
#554=LINE('',#3941,#891);
#555=LINE('',#3943,#892);
#556=LINE('',#3945,#893);
#557=LINE('',#3946,#894);
#558=LINE('',#3949,#895);
#559=LINE('',#3951,#896);
#560=LINE('',#3952,#897);
#561=LINE('',#3955,#898);
#562=LINE('',#3957,#899);
#563=LINE('',#3959,#900);
#564=LINE('',#3960,#901);
#565=LINE('',#3963,#902);
#566=LINE('',#3965,#903);
#567=LINE('',#3967,#904);
#568=LINE('',#3968,#905);
#569=LINE('',#3971,#906);
#570=LINE('',#3973,#907);
#571=LINE('',#3975,#908);
#572=LINE('',#3976,#909);
#573=LINE('',#3979,#910);
#574=LINE('',#3985,#911);
#575=LINE('',#3987,#912);
#576=LINE('',#3988,#913);
#577=LINE('',#3993,#914);
#578=LINE('',#3994,#915);
#579=LINE('',#4009,#916);
#580=LINE('',#4015,#917);
#581=LINE('',#4018,#918);
#582=LINE('',#4020,#919);
#583=LINE('',#4079,#920);
#584=LINE('',#4081,#921);
#585=LINE('',#4083,#922);
#586=LINE('',#4085,#923);
#587=LINE('',#4087,#924);
#588=LINE('',#4089,#925);
#589=LINE('',#4091,#926);
#590=LINE('',#4093,#927);
#591=LINE('',#4095,#928);
#592=LINE('',#4096,#929);
#593=LINE('',#4099,#930);
#594=LINE('',#4101,#931);
#595=LINE('',#4103,#932);
#596=LINE('',#4104,#933);
#597=LINE('',#4122,#934);
#598=LINE('',#4124,#935);
#599=LINE('',#4125,#936);
#600=LINE('',#4185,#937);
#601=LINE('',#4187,#938);
#602=LINE('',#4188,#939);
#603=LINE('',#4191,#940);
#604=LINE('',#4192,#941);
#605=LINE('',#4195,#942);
#606=LINE('',#4197,#943);
#607=LINE('',#4198,#944);
#608=LINE('',#4201,#945);
#609=LINE('',#4202,#946);
#610=LINE('',#4205,#947);
#611=LINE('',#4207,#948);
#612=LINE('',#4208,#949);
#613=LINE('',#4211,#950);
#614=LINE('',#4212,#951);
#615=LINE('',#4215,#952);
#616=LINE('',#4217,#953);
#617=LINE('',#4218,#954);
#618=LINE('',#4221,#955);
#619=LINE('',#4222,#956);
#620=LINE('',#4225,#957);
#621=LINE('',#4226,#958);
#622=LINE('',#4229,#959);
#623=LINE('',#4231,#960);
#624=LINE('',#4233,#961);
#625=LINE('',#4235,#962);
#626=LINE('',#4237,#963);
#627=LINE('',#4239,#964);
#628=LINE('',#4241,#965);
#629=LINE('',#4243,#966);
#630=LINE('',#4245,#967);
#631=LINE('',#4247,#968);
#632=LINE('',#4249,#969);
#633=LINE('',#4251,#970);
#634=LINE('',#4253,#971);
#635=LINE('',#4255,#972);
#636=LINE('',#4256,#973);
#637=LINE('',#4267,#974);
#638=LINE('',#4269,#975);
#639=LINE('',#4271,#976);
#640=LINE('',#4272,#977);
#641=LINE('',#4275,#978);
#642=LINE('',#4277,#979);
#643=LINE('',#4279,#980);
#644=LINE('',#4280,#981);
#645=LINE('',#4282,#982);
#646=LINE('',#4285,#983);
#647=LINE('',#4286,#984);
#648=LINE('',#4288,#985);
#649=LINE('',#4291,#986);
#650=LINE('',#4292,#987);
#651=LINE('',#4294,#988);
#652=LINE('',#4297,#989);
#653=LINE('',#4298,#990);
#654=LINE('',#4300,#991);
#655=LINE('',#4303,#992);
#656=LINE('',#4305,#993);
#657=LINE('',#4307,#994);
#658=LINE('',#4312,#995);
#659=LINE('',#4317,#996);
#660=LINE('',#4322,#997);
#661=LINE('',#4325,#998);
#662=LINE('',#4328,#999);
#663=LINE('',#4331,#1000);
#664=LINE('',#4334,#1001);
#665=LINE('',#4337,#1002);
#666=LINE('',#4338,#1003);
#667=LINE('',#4340,#1004);
#668=LINE('',#4343,#1005);
#669=LINE('',#4345,#1006);
#670=LINE('',#4346,#1007);
#671=LINE('',#4349,#1008);
#672=LINE('',#4350,#1009);
#673=LINE('',#4354,#1010);
#674=LINE('',#4355,#1011);
#675=LINE('',#4357,#1012);
#676=LINE('',#4359,#1013);
#677=LINE('',#4361,#1014);
#678=LINE('',#4365,#1015);
#679=LINE('',#4367,#1016);
#680=LINE('',#4369,#1017);
#681=LINE('',#4370,#1018);
#682=LINE('',#4373,#1019);
#683=LINE('',#4375,#1020);
#684=LINE('',#4377,#1021);
#685=LINE('',#4379,#1022);
#686=LINE('',#4381,#1023);
#687=LINE('',#4383,#1024);
#688=LINE('',#4385,#1025);
#689=LINE('',#4387,#1026);
#690=LINE('',#4389,#1027);
#691=LINE('',#4390,#1028);
#692=LINE('',#4392,#1029);
#693=LINE('',#4394,#1030);
#694=LINE('',#4396,#1031);
#695=LINE('',#4398,#1032);
#696=LINE('',#4399,#1033);
#697=LINE('',#4403,#1034);
#698=LINE('',#4405,#1035);
#699=LINE('',#4409,#1036);
#700=LINE('',#4411,#1037);
#701=LINE('',#4413,#1038);
#702=LINE('',#4414,#1039);
#703=LINE('',#4417,#1040);
#704=LINE('',#4419,#1041);
#705=LINE('',#4421,#1042);
#706=LINE('',#4422,#1043);
#707=LINE('',#4429,#1044);
#708=LINE('',#4431,#1045);
#709=LINE('',#4433,#1046);
#710=LINE('',#4435,#1047);
#711=LINE('',#4436,#1048);
#712=LINE('',#4439,#1049);
#713=LINE('',#4444,#1050);
#714=LINE('',#4446,#1051);
#715=LINE('',#4448,#1052);
#716=LINE('',#4449,#1053);
#717=LINE('',#4452,#1054);
#718=LINE('',#4453,#1055);
#719=LINE('',#4455,#1056);
#720=LINE('',#4457,#1057);
#721=LINE('',#4458,#1058);
#722=LINE('',#4460,#1059);
#723=LINE('',#4462,#1060);
#724=LINE('',#4463,#1061);
#725=LINE('',#4467,#1062);
#726=LINE('',#4471,#1063);
#727=LINE('',#4475,#1064);
#728=LINE('',#4479,#1065);
#729=LINE('',#4481,#1066);
#730=LINE('',#4484,#1067);
#731=LINE('',#4486,#1068);
#732=LINE('',#4487,#1069);
#733=LINE('',#4490,#1070);
#734=LINE('',#4491,#1071);
#735=LINE('',#4494,#1072);
#736=LINE('',#4495,#1073);
#737=LINE('',#4497,#1074);
#738=LINE('',#4499,#1075);
#739=LINE('',#4501,#1076);
#740=LINE('',#4503,#1077);
#741=LINE('',#4505,#1078);
#742=LINE('',#4507,#1079);
#743=LINE('',#4508,#1080);
#744=LINE('',#4509,#1081);
#745=LINE('',#4512,#1082);
#746=LINE('',#4514,#1083);
#747=LINE('',#4515,#1084);
#748=LINE('',#4518,#1085);
#749=LINE('',#4520,#1086);
#750=LINE('',#4522,#1087);
#751=LINE('',#4523,#1088);
#752=LINE('',#4526,#1089);
#753=LINE('',#4528,#1090);
#754=LINE('',#4530,#1091);
#755=LINE('',#4531,#1092);
#756=LINE('',#4533,#1093);
#757=LINE('',#4534,#1094);
#758=LINE('',#4537,#1095);
#759=LINE('',#4538,#1096);
#760=LINE('',#4540,#1097);
#761=LINE('',#4542,#1098);
#762=LINE('',#4544,#1099);
#763=LINE('',#4545,#1100);
#764=LINE('',#4618,#1101);
#765=LINE('',#4621,#1102);
#766=LINE('',#4623,#1103);
#767=LINE('',#4624,#1104);
#768=LINE('',#4627,#1105);
#769=LINE('',#4629,#1106);
#770=LINE('',#4630,#1107);
#771=LINE('',#4632,#1108);
#772=LINE('',#4633,#1109);
#773=LINE('',#4636,#1110);
#774=LINE('',#4638,#1111);
#775=LINE('',#4639,#1112);
#776=LINE('',#4648,#1113);
#777=LINE('',#4650,#1114);
#778=LINE('',#4652,#1115);
#779=LINE('',#4653,#1116);
#780=LINE('',#4658,#1117);
#781=LINE('',#4660,#1118);
#782=LINE('',#4662,#1119);
#783=LINE('',#4664,#1120);
#784=LINE('',#4666,#1121);
#785=LINE('',#4668,#1122);
#786=LINE('',#4669,#1123);
#787=LINE('',#4671,#1124);
#788=LINE('',#4673,#1125);
#789=LINE('',#4679,#1126);
#790=LINE('',#4681,#1127);
#791=LINE('',#4682,#1128);
#792=LINE('',#4683,#1129);
#793=LINE('',#4686,#1130);
#794=LINE('',#4687,#1131);
#795=LINE('',#4690,#1132);
#796=LINE('',#4691,#1133);
#797=LINE('',#4694,#1134);
#798=LINE('',#4696,#1135);
#799=LINE('',#4697,#1136);
#800=LINE('',#4700,#1137);
#801=LINE('',#4702,#1138);
#802=LINE('',#4703,#1139);
#803=LINE('',#4707,#1140);
#804=LINE('',#4708,#1141);
#805=LINE('',#4711,#1142);
#806=LINE('',#4717,#1143);
#807=LINE('',#4723,#1144);
#808=LINE('',#4725,#1145);
#809=LINE('',#4727,#1146);
#810=LINE('',#4730,#1147);
#811=LINE('',#4732,#1148);
#812=LINE('',#4733,#1149);
#813=LINE('',#4736,#1150);
#814=LINE('',#4738,#1151);
#815=LINE('',#4739,#1152);
#816=LINE('',#4742,#1153);
#817=LINE('',#4744,#1154);
#818=LINE('',#4745,#1155);
#819=LINE('',#4747,#1156);
#820=LINE('',#4749,#1157);
#821=LINE('',#4753,#1158);
#822=LINE('',#4754,#1159);
#823=LINE('',#4760,#1160);
#824=LINE('',#4765,#1161);
#825=LINE('',#4769,#1162);
#826=LINE('',#4773,#1163);
#827=LINE('',#4775,#1164);
#828=LINE('',#4777,#1165);
#829=LINE('',#4780,#1166);
#830=LINE('',#4782,#1167);
#831=LINE('',#4783,#1168);
#832=LINE('',#4785,#1169);
#833=LINE('',#4787,#1170);
#834=LINE('',#4789,#1171);
#835=LINE('',#4790,#1172);
#836=LINE('',#4792,#1173);
#837=LINE('',#4793,#1174);
#838=LINE('',#4795,#1175);
#839=LINE('',#4799,#1176);
#840=LINE('',#4800,#1177);
#841=LINE('',#4802,#1178);
#842=LINE('',#4804,#1179);
#843=LINE('',#4808,#1180);
#844=LINE('',#4811,#1181);
#845=LINE('',#4814,#1182);
#846=LINE('',#4816,#1183);
#847=LINE('',#4818,#1184);
#848=LINE('',#4819,#1185);
#849=LINE('',#4821,#1186);
#850=LINE('',#4823,#1187);
#851=LINE('',#4824,#1188);
#852=LINE('',#4826,#1189);
#853=LINE('',#4828,#1190);
#854=LINE('',#4829,#1191);
#855=LINE('',#4833,#1192);
#856=LINE('',#4836,#1193);
#857=LINE('',#4839,#1194);
#858=VECTOR('',#3124,10.);
#859=VECTOR('',#3127,10.);
#860=VECTOR('',#3130,10.);
#861=VECTOR('',#3131,10.);
#862=VECTOR('',#3136,10.);
#863=VECTOR('',#3137,10.);
#864=VECTOR('',#3138,10.);
#865=VECTOR('',#3139,10.);
#866=VECTOR('',#3140,10.);
#867=VECTOR('',#3141,10.);
#868=VECTOR('',#3146,10.);
#869=VECTOR('',#3147,10.);
#870=VECTOR('',#3148,10.);
#871=VECTOR('',#3149,10.);
#872=VECTOR('',#3150,10.);
#873=VECTOR('',#3151,10.);
#874=VECTOR('',#3152,10.);
#875=VECTOR('',#3153,10.);
#876=VECTOR('',#3154,10.);
#877=VECTOR('',#3155,10.);
#878=VECTOR('',#3156,10.);
#879=VECTOR('',#3157,10.);
#880=VECTOR('',#3158,10.);
#881=VECTOR('',#3159,10.);
#882=VECTOR('',#3160,10.);
#883=VECTOR('',#3161,10.);
#884=VECTOR('',#3162,10.);
#885=VECTOR('',#3163,10.);
#886=VECTOR('',#3168,9.849);
#887=VECTOR('',#3171,10.);
#888=VECTOR('',#3174,10.);
#889=VECTOR('',#3175,10.);
#890=VECTOR('',#3176,10.);
#891=VECTOR('',#3177,10.);
#892=VECTOR('',#3178,10.);
#893=VECTOR('',#3179,10.);
#894=VECTOR('',#3180,10.);
#895=VECTOR('',#3181,10.);
#896=VECTOR('',#3182,10.);
#897=VECTOR('',#3183,10.);
#898=VECTOR('',#3184,10.);
#899=VECTOR('',#3185,10.);
#900=VECTOR('',#3186,10.);
#901=VECTOR('',#3187,10.);
#902=VECTOR('',#3188,10.);
#903=VECTOR('',#3189,10.);
#904=VECTOR('',#3190,10.);
#905=VECTOR('',#3191,10.);
#906=VECTOR('',#3192,10.);
#907=VECTOR('',#3193,10.);
#908=VECTOR('',#3194,10.);
#909=VECTOR('',#3195,10.);
#910=VECTOR('',#3198,10.);
#911=VECTOR('',#3203,10.);
#912=VECTOR('',#3204,10.);
#913=VECTOR('',#3205,10.);
#914=VECTOR('',#3210,10.);
#915=VECTOR('',#3211,10.);
#916=VECTOR('',#3212,10.);
#917=VECTOR('',#3215,10.);
#918=VECTOR('',#3218,10.);
#919=VECTOR('',#3219,10.);
#920=VECTOR('',#3226,10.);
#921=VECTOR('',#3227,10.);
#922=VECTOR('',#3228,10.);
#923=VECTOR('',#3229,10.);
#924=VECTOR('',#3230,10.);
#925=VECTOR('',#3231,10.);
#926=VECTOR('',#3232,10.);
#927=VECTOR('',#3233,10.);
#928=VECTOR('',#3234,10.);
#929=VECTOR('',#3235,10.);
#930=VECTOR('',#3236,10.);
#931=VECTOR('',#3237,10.);
#932=VECTOR('',#3238,10.);
#933=VECTOR('',#3239,10.);
#934=VECTOR('',#3250,10.);
#935=VECTOR('',#3251,10.);
#936=VECTOR('',#3252,10.);
#937=VECTOR('',#3259,10.);
#938=VECTOR('',#3260,10.);
#939=VECTOR('',#3261,10.);
#940=VECTOR('',#3264,10.);
#941=VECTOR('',#3265,10.);
#942=VECTOR('',#3268,10.);
#943=VECTOR('',#3269,10.);
#944=VECTOR('',#3270,10.);
#945=VECTOR('',#3273,10.);
#946=VECTOR('',#3274,10.);
#947=VECTOR('',#3277,10.);
#948=VECTOR('',#3278,10.);
#949=VECTOR('',#3279,10.);
#950=VECTOR('',#3282,10.);
#951=VECTOR('',#3283,10.);
#952=VECTOR('',#3286,10.);
#953=VECTOR('',#3287,10.);
#954=VECTOR('',#3288,10.);
#955=VECTOR('',#3291,10.);
#956=VECTOR('',#3292,10.);
#957=VECTOR('',#3295,10.);
#958=VECTOR('',#3296,10.);
#959=VECTOR('',#3299,10.);
#960=VECTOR('',#3300,10.);
#961=VECTOR('',#3301,10.);
#962=VECTOR('',#3302,10.);
#963=VECTOR('',#3303,10.);
#964=VECTOR('',#3304,10.);
#965=VECTOR('',#3305,10.);
#966=VECTOR('',#3306,10.);
#967=VECTOR('',#3307,10.);
#968=VECTOR('',#3308,10.);
#969=VECTOR('',#3309,10.);
#970=VECTOR('',#3310,10.);
#971=VECTOR('',#3311,10.);
#972=VECTOR('',#3312,10.);
#973=VECTOR('',#3313,10.);
#974=VECTOR('',#3322,10.);
#975=VECTOR('',#3323,10.);
#976=VECTOR('',#3324,10.);
#977=VECTOR('',#3325,10.);
#978=VECTOR('',#3326,10.);
#979=VECTOR('',#3327,10.);
#980=VECTOR('',#3328,10.);
#981=VECTOR('',#3329,10.);
#982=VECTOR('',#3332,10.);
#983=VECTOR('',#3335,10.);
#984=VECTOR('',#3336,10.);
#985=VECTOR('',#3339,10.);
#986=VECTOR('',#3342,10.);
#987=VECTOR('',#3343,10.);
#988=VECTOR('',#3346,10.);
#989=VECTOR('',#3349,10.);
#990=VECTOR('',#3350,10.);
#991=VECTOR('',#3353,10.);
#992=VECTOR('',#3356,10.);
#993=VECTOR('',#3357,10.);
#994=VECTOR('',#3358,10.);
#995=VECTOR('',#3363,10.);
#996=VECTOR('',#3368,2.5);
#997=VECTOR('',#3375,2.);
#998=VECTOR('',#3378,2.5);
#999=VECTOR('',#3383,2.);
#1000=VECTOR('',#3386,10.);
#1001=VECTOR('',#3389,10.);
#1002=VECTOR('',#3392,10.);
#1003=VECTOR('',#3393,10.);
#1004=VECTOR('',#3396,10.);
#1005=VECTOR('',#3399,10.);
#1006=VECTOR('',#3400,10.);
#1007=VECTOR('',#3401,10.);
#1008=VECTOR('',#3404,10.);
#1009=VECTOR('',#3405,10.);
#1010=VECTOR('',#3412,10.);
#1011=VECTOR('',#3413,10.);
#1012=VECTOR('',#3416,10.);
#1013=VECTOR('',#3419,10.);
#1014=VECTOR('',#3422,10.);
#1015=VECTOR('',#3427,10.);
#1016=VECTOR('',#3428,10.);
#1017=VECTOR('',#3429,10.);
#1018=VECTOR('',#3430,10.);
#1019=VECTOR('',#3433,10.);
#1020=VECTOR('',#3434,10.);
#1021=VECTOR('',#3435,10.);
#1022=VECTOR('',#3436,10.);
#1023=VECTOR('',#3437,10.);
#1024=VECTOR('',#3438,10.);
#1025=VECTOR('',#3439,10.);
#1026=VECTOR('',#3440,10.);
#1027=VECTOR('',#3441,10.);
#1028=VECTOR('',#3442,10.);
#1029=VECTOR('',#3443,10.);
#1030=VECTOR('',#3444,10.);
#1031=VECTOR('',#3445,10.);
#1032=VECTOR('',#3446,10.);
#1033=VECTOR('',#3447,10.);
#1034=VECTOR('',#3450,10.);
#1035=VECTOR('',#3451,10.);
#1036=VECTOR('',#3454,10.);
#1037=VECTOR('',#3455,10.);
#1038=VECTOR('',#3456,10.);
#1039=VECTOR('',#3457,10.);
#1040=VECTOR('',#3458,10.);
#1041=VECTOR('',#3459,10.);
#1042=VECTOR('',#3460,10.);
#1043=VECTOR('',#3461,10.);
#1044=VECTOR('',#3468,10.);
#1045=VECTOR('',#3469,10.);
#1046=VECTOR('',#3470,10.);
#1047=VECTOR('',#3471,10.);
#1048=VECTOR('',#3472,10.);
#1049=VECTOR('',#3475,10.);
#1050=VECTOR('',#3480,10.);
#1051=VECTOR('',#3481,10.);
#1052=VECTOR('',#3482,10.);
#1053=VECTOR('',#3483,10.);
#1054=VECTOR('',#3486,10.);
#1055=VECTOR('',#3487,10.);
#1056=VECTOR('',#3488,10.);
#1057=VECTOR('',#3489,10.);
#1058=VECTOR('',#3490,10.);
#1059=VECTOR('',#3491,10.);
#1060=VECTOR('',#3492,10.);
#1061=VECTOR('',#3493,10.);
#1062=VECTOR('',#3498,2.);
#1063=VECTOR('',#3503,2.);
#1064=VECTOR('',#3508,2.);
#1065=VECTOR('',#3513,2.);
#1066=VECTOR('',#3516,10.);
#1067=VECTOR('',#3519,10.);
#1068=VECTOR('',#3520,10.);
#1069=VECTOR('',#3521,10.);
#1070=VECTOR('',#3524,10.);
#1071=VECTOR('',#3525,10.);
#1072=VECTOR('',#3528,10.);
#1073=VECTOR('',#3529,10.);
#1074=VECTOR('',#3532,10.);
#1075=VECTOR('',#3535,10.);
#1076=VECTOR('',#3536,10.);
#1077=VECTOR('',#3537,10.);
#1078=VECTOR('',#3538,10.);
#1079=VECTOR('',#3539,10.);
#1080=VECTOR('',#3540,10.);
#1081=VECTOR('',#3541,10.);
#1082=VECTOR('',#3542,10.);
#1083=VECTOR('',#3543,10.);
#1084=VECTOR('',#3544,10.);
#1085=VECTOR('',#3545,10.);
#1086=VECTOR('',#3546,10.);
#1087=VECTOR('',#3547,10.);
#1088=VECTOR('',#3548,10.);
#1089=VECTOR('',#3549,10.);
#1090=VECTOR('',#3550,10.);
#1091=VECTOR('',#3551,10.);
#1092=VECTOR('',#3552,10.);
#1093=VECTOR('',#3555,10.);
#1094=VECTOR('',#3556,10.);
#1095=VECTOR('',#3559,10.);
#1096=VECTOR('',#3560,10.);
#1097=VECTOR('',#3561,10.);
#1098=VECTOR('',#3562,10.);
#1099=VECTOR('',#3563,10.);
#1100=VECTOR('',#3564,10.);
#1101=VECTOR('',#3575,10.);
#1102=VECTOR('',#3578,10.);
#1103=VECTOR('',#3579,10.);
#1104=VECTOR('',#3580,10.);
#1105=VECTOR('',#3583,10.);
#1106=VECTOR('',#3584,10.);
#1107=VECTOR('',#3585,10.);
#1108=VECTOR('',#3588,10.);
#1109=VECTOR('',#3589,10.);
#1110=VECTOR('',#3594,10.);
#1111=VECTOR('',#3595,10.);
#1112=VECTOR('',#3596,10.);
#1113=VECTOR('',#3603,10.);
#1114=VECTOR('',#3604,10.);
#1115=VECTOR('',#3605,10.);
#1116=VECTOR('',#3606,10.);
#1117=VECTOR('',#3613,2.);
#1118=VECTOR('',#3616,2.);
#1119=VECTOR('',#3619,2.);
#1120=VECTOR('',#3622,2.);
#1121=VECTOR('',#3625,10.);
#1122=VECTOR('',#3628,10.);
#1123=VECTOR('',#3629,10.);
#1124=VECTOR('',#3632,10.);
#1125=VECTOR('',#3635,10.);
#1126=VECTOR('',#3642,10.);
#1127=VECTOR('',#3643,10.);
#1128=VECTOR('',#3644,10.);
#1129=VECTOR('',#3645,10.);
#1130=VECTOR('',#3648,10.);
#1131=VECTOR('',#3649,10.);
#1132=VECTOR('',#3652,10.);
#1133=VECTOR('',#3653,10.);
#1134=VECTOR('',#3656,10.);
#1135=VECTOR('',#3657,10.);
#1136=VECTOR('',#3658,10.);
#1137=VECTOR('',#3661,10.);
#1138=VECTOR('',#3662,10.);
#1139=VECTOR('',#3663,10.);
#1140=VECTOR('',#3668,10.);
#1141=VECTOR('',#3669,10.);
#1142=VECTOR('',#3674,10.);
#1143=VECTOR('',#3681,10.);
#1144=VECTOR('',#3688,10.);
#1145=VECTOR('',#3691,10.);
#1146=VECTOR('',#3694,10.);
#1147=VECTOR('',#3697,10.);
#1148=VECTOR('',#3698,10.);
#1149=VECTOR('',#3699,10.);
#1150=VECTOR('',#3702,10.);
#1151=VECTOR('',#3703,10.);
#1152=VECTOR('',#3704,10.);
#1153=VECTOR('',#3707,10.);
#1154=VECTOR('',#3708,10.);
#1155=VECTOR('',#3709,10.);
#1156=VECTOR('',#3712,10.);
#1157=VECTOR('',#3715,10.);
#1158=VECTOR('',#3720,10.);
#1159=VECTOR('',#3721,10.);
#1160=VECTOR('',#3728,10.);
#1161=VECTOR('',#3735,1.74999999999999);
#1162=VECTOR('',#3740,1.74999999999999);
#1163=VECTOR('',#3745,1.74999999999999);
#1164=VECTOR('',#3748,2.);
#1165=VECTOR('',#3751,2.);
#1166=VECTOR('',#3754,10.);
#1167=VECTOR('',#3755,10.);
#1168=VECTOR('',#3756,10.);
#1169=VECTOR('',#3759,10.);
#1170=VECTOR('',#3762,10.);
#1171=VECTOR('',#3765,10.);
#1172=VECTOR('',#3766,10.);
#1173=VECTOR('',#3769,10.);
#1174=VECTOR('',#3770,10.);
#1175=VECTOR('',#3773,10.);
#1176=VECTOR('',#3780,10.);
#1177=VECTOR('',#3781,10.);
#1178=VECTOR('',#3784,10.);
#1179=VECTOR('',#3787,10.);
#1180=VECTOR('',#3794,10.);
#1181=VECTOR('',#3799,10.);
#1182=VECTOR('',#3804,10.);
#1183=VECTOR('',#3807,10.);
#1184=VECTOR('',#3810,10.);
#1185=VECTOR('',#3811,10.);
#1186=VECTOR('',#3814,10.);
#1187=VECTOR('',#3817,10.);
#1188=VECTOR('',#3818,10.);
#1189=VECTOR('',#3821,10.);
#1190=VECTOR('',#3824,10.);
#1191=VECTOR('',#3825,10.);
#1192=VECTOR('',#3832,10.);
#1193=VECTOR('',#3837,10.);
#1194=VECTOR('',#3842,10.);
#1195=CIRCLE('',#2922,9.849);
#1196=CIRCLE('',#2923,9.849);
#1197=CIRCLE('',#2925,6.15674570865131);
#1198=CIRCLE('',#2926,7.16499566985377);
#1199=CIRCLE('',#2927,3.);
#1200=CIRCLE('',#2930,9.849);
#1201=CIRCLE('',#2931,9.849);
#1202=CIRCLE('',#2934,6.21886488434002);
#1203=CIRCLE('',#2935,6.31544427828519);
#1204=CIRCLE('',#2936,3.);
#1205=CIRCLE('',#2940,12.067);
#1206=CIRCLE('',#2941,5.067);
#1207=CIRCLE('',#2943,2.);
#1208=CIRCLE('',#2944,2.);
#1209=CIRCLE('',#2945,2.);
#1210=CIRCLE('',#2946,2.);
#1211=CIRCLE('',#2948,5.067);
#1212=CIRCLE('',#2949,12.067);
#1213=CIRCLE('',#2960,2.);
#1214=CIRCLE('',#2961,2.);
#1215=CIRCLE('',#2962,2.);
#1216=CIRCLE('',#2963,2.);
#1217=CIRCLE('',#2972,6.31544427828519);
#1218=CIRCLE('',#2973,6.21886488434002);
#1219=CIRCLE('',#2974,2.);
#1220=CIRCLE('',#2976,2.);
#1221=CIRCLE('',#2978,2.);
#1222=CIRCLE('',#2980,2.);
#1223=CIRCLE('',#2983,7.16499566985377);
#1224=CIRCLE('',#2989,6.15674570865131);
#1225=CIRCLE('',#2997,12.067);
#1226=CIRCLE('',#2998,12.067);
#1227=CIRCLE('',#2999,2.);
#1228=CIRCLE('',#3000,2.);
#1229=CIRCLE('',#3003,12.067);
#1230=CIRCLE('',#3007,2.);
#1231=CIRCLE('',#3009,2.);
#1232=CIRCLE('',#3011,2.);
#1233=CIRCLE('',#3013,2.);
#1234=CIRCLE('',#3022,2.);
#1235=CIRCLE('',#3023,2.);
#1236=CIRCLE('',#3024,1.74999999999999);
#1237=CIRCLE('',#3025,1.74999999999999);
#1238=CIRCLE('',#3026,1.74999999999999);
#1239=CIRCLE('',#3032,2.);
#1240=CIRCLE('',#3033,2.);
#1241=CIRCLE('',#3034,2.);
#1242=CIRCLE('',#3035,2.);
#1243=CIRCLE('',#3047,4.992);
#1244=CIRCLE('',#3053,4.992);
#1245=CIRCLE('',#3057,6.);
#1246=CIRCLE('',#3058,6.);
#1247=CIRCLE('',#3060,6.);
#1248=CIRCLE('',#3061,6.);
#1249=CIRCLE('',#3072,4.992);
#1250=CIRCLE('',#3073,4.992);
#1251=CIRCLE('',#3076,1.74999999999999);
#1252=CIRCLE('',#3078,1.74999999999999);
#1253=CIRCLE('',#3080,1.74999999999999);
#1254=VERTEX_POINT('',#3850);
#1255=VERTEX_POINT('',#3851);
#1256=VERTEX_POINT('',#3853);
#1257=VERTEX_POINT('',#3855);
#1258=VERTEX_POINT('',#3859);
#1259=VERTEX_POINT('',#3860);
#1260=VERTEX_POINT('',#3862);
#1261=VERTEX_POINT('',#3864);
#1262=VERTEX_POINT('',#3866);
#1263=VERTEX_POINT('',#3868);
#1264=VERTEX_POINT('',#3871);
#1265=VERTEX_POINT('',#3873);
#1266=VERTEX_POINT('',#3875);
#1267=VERTEX_POINT('',#3878);
#1268=VERTEX_POINT('',#3881);
#1269=VERTEX_POINT('',#3883);
#1270=VERTEX_POINT('',#3885);
#1271=VERTEX_POINT('',#3887);
#1272=VERTEX_POINT('',#3889);
#1273=VERTEX_POINT('',#3891);
#1274=VERTEX_POINT('',#3899);
#1275=VERTEX_POINT('',#3902);
#1276=VERTEX_POINT('',#3903);
#1277=VERTEX_POINT('',#3905);
#1278=VERTEX_POINT('',#3907);
#1279=VERTEX_POINT('',#3910);
#1280=VERTEX_POINT('',#3911);
#1281=VERTEX_POINT('',#3913);
#1282=VERTEX_POINT('',#3915);
#1283=VERTEX_POINT('',#3918);
#1284=VERTEX_POINT('',#3919);
#1285=VERTEX_POINT('',#3921);
#1286=VERTEX_POINT('',#3925);
#1287=VERTEX_POINT('',#3926);
#1288=VERTEX_POINT('',#3928);
#1289=VERTEX_POINT('',#3930);
#1290=VERTEX_POINT('',#3934);
#1291=VERTEX_POINT('',#3936);
#1292=VERTEX_POINT('',#3938);
#1293=VERTEX_POINT('',#3940);
#1294=VERTEX_POINT('',#3942);
#1295=VERTEX_POINT('',#3944);
#1296=VERTEX_POINT('',#3947);
#1297=VERTEX_POINT('',#3948);
#1298=VERTEX_POINT('',#3950);
#1299=VERTEX_POINT('',#3953);
#1300=VERTEX_POINT('',#3954);
#1301=VERTEX_POINT('',#3956);
#1302=VERTEX_POINT('',#3958);
#1303=VERTEX_POINT('',#3961);
#1304=VERTEX_POINT('',#3962);
#1305=VERTEX_POINT('',#3964);
#1306=VERTEX_POINT('',#3966);
#1307=VERTEX_POINT('',#3969);
#1308=VERTEX_POINT('',#3970);
#1309=VERTEX_POINT('',#3972);
#1310=VERTEX_POINT('',#3974);
#1311=VERTEX_POINT('',#3978);
#1312=VERTEX_POINT('',#3980);
#1313=VERTEX_POINT('',#3982);
#1314=VERTEX_POINT('',#3984);
#1315=VERTEX_POINT('',#3986);
#1316=VERTEX_POINT('',#3989);
#1317=VERTEX_POINT('',#3992);
#1318=VERTEX_POINT('',#4003);
#1319=VERTEX_POINT('',#4008);
#1320=VERTEX_POINT('',#4017);
#1321=VERTEX_POINT('',#4019);
#1322=VERTEX_POINT('',#4036);
#1323=VERTEX_POINT('',#4055);
#1324=VERTEX_POINT('',#4057);
#1325=VERTEX_POINT('',#4078);
#1326=VERTEX_POINT('',#4080);
#1327=VERTEX_POINT('',#4082);
#1328=VERTEX_POINT('',#4084);
#1329=VERTEX_POINT('',#4086);
#1330=VERTEX_POINT('',#4088);
#1331=VERTEX_POINT('',#4090);
#1332=VERTEX_POINT('',#4092);
#1333=VERTEX_POINT('',#4094);
#1334=VERTEX_POINT('',#4097);
#1335=VERTEX_POINT('',#4098);
#1336=VERTEX_POINT('',#4100);
#1337=VERTEX_POINT('',#4102);
#1338=VERTEX_POINT('',#4105);
#1339=VERTEX_POINT('',#4107);
#1340=VERTEX_POINT('',#4109);
#1341=VERTEX_POINT('',#4111);
#1342=VERTEX_POINT('',#4114);
#1343=VERTEX_POINT('',#4115);
#1344=VERTEX_POINT('',#4123);
#1345=VERTEX_POINT('',#4135);
#1346=VERTEX_POINT('',#4137);
#1347=VERTEX_POINT('',#4163);
#1348=VERTEX_POINT('',#4184);
#1349=VERTEX_POINT('',#4186);
#1350=VERTEX_POINT('',#4190);
#1351=VERTEX_POINT('',#4194);
#1352=VERTEX_POINT('',#4196);
#1353=VERTEX_POINT('',#4200);
#1354=VERTEX_POINT('',#4204);
#1355=VERTEX_POINT('',#4206);
#1356=VERTEX_POINT('',#4210);
#1357=VERTEX_POINT('',#4214);
#1358=VERTEX_POINT('',#4216);
#1359=VERTEX_POINT('',#4220);
#1360=VERTEX_POINT('',#4224);
#1361=VERTEX_POINT('',#4228);
#1362=VERTEX_POINT('',#4230);
#1363=VERTEX_POINT('',#4232);
#1364=VERTEX_POINT('',#4234);
#1365=VERTEX_POINT('',#4236);
#1366=VERTEX_POINT('',#4238);
#1367=VERTEX_POINT('',#4240);
#1368=VERTEX_POINT('',#4242);
#1369=VERTEX_POINT('',#4244);
#1370=VERTEX_POINT('',#4246);
#1371=VERTEX_POINT('',#4248);
#1372=VERTEX_POINT('',#4250);
#1373=VERTEX_POINT('',#4252);
#1374=VERTEX_POINT('',#4254);
#1375=VERTEX_POINT('',#4257);
#1376=VERTEX_POINT('',#4259);
#1377=VERTEX_POINT('',#4261);
#1378=VERTEX_POINT('',#4263);
#1379=VERTEX_POINT('',#4265);
#1380=VERTEX_POINT('',#4266);
#1381=VERTEX_POINT('',#4268);
#1382=VERTEX_POINT('',#4270);
#1383=VERTEX_POINT('',#4273);
#1384=VERTEX_POINT('',#4274);
#1385=VERTEX_POINT('',#4276);
#1386=VERTEX_POINT('',#4278);
#1387=VERTEX_POINT('',#4284);
#1388=VERTEX_POINT('',#4290);
#1389=VERTEX_POINT('',#4296);
#1390=VERTEX_POINT('',#4302);
#1391=VERTEX_POINT('',#4304);
#1392=VERTEX_POINT('',#4306);
#1393=VERTEX_POINT('',#4308);
#1394=VERTEX_POINT('',#4310);
#1395=VERTEX_POINT('',#4313);
#1396=VERTEX_POINT('',#4316);
#1397=VERTEX_POINT('',#4320);
#1398=VERTEX_POINT('',#4324);
#1399=VERTEX_POINT('',#4330);
#1400=VERTEX_POINT('',#4332);
#1401=VERTEX_POINT('',#4336);
#1402=VERTEX_POINT('',#4342);
#1403=VERTEX_POINT('',#4344);
#1404=VERTEX_POINT('',#4348);
#1405=VERTEX_POINT('',#4364);
#1406=VERTEX_POINT('',#4366);
#1407=VERTEX_POINT('',#4368);
#1408=VERTEX_POINT('',#4372);
#1409=VERTEX_POINT('',#4374);
#1410=VERTEX_POINT('',#4376);
#1411=VERTEX_POINT('',#4378);
#1412=VERTEX_POINT('',#4380);
#1413=VERTEX_POINT('',#4382);
#1414=VERTEX_POINT('',#4384);
#1415=VERTEX_POINT('',#4386);
#1416=VERTEX_POINT('',#4388);
#1417=VERTEX_POINT('',#4391);
#1418=VERTEX_POINT('',#4393);
#1419=VERTEX_POINT('',#4395);
#1420=VERTEX_POINT('',#4397);
#1421=VERTEX_POINT('',#4400);
#1422=VERTEX_POINT('',#4402);
#1423=VERTEX_POINT('',#4404);
#1424=VERTEX_POINT('',#4407);
#1425=VERTEX_POINT('',#4408);
#1426=VERTEX_POINT('',#4410);
#1427=VERTEX_POINT('',#4412);
#1428=VERTEX_POINT('',#4415);
#1429=VERTEX_POINT('',#4416);
#1430=VERTEX_POINT('',#4418);
#1431=VERTEX_POINT('',#4420);
#1432=VERTEX_POINT('',#4423);
#1433=VERTEX_POINT('',#4425);
#1434=VERTEX_POINT('',#4428);
#1435=VERTEX_POINT('',#4430);
#1436=VERTEX_POINT('',#4432);
#1437=VERTEX_POINT('',#4434);
#1438=VERTEX_POINT('',#4438);
#1439=VERTEX_POINT('',#4442);
#1440=VERTEX_POINT('',#4443);
#1441=VERTEX_POINT('',#4445);
#1442=VERTEX_POINT('',#4447);
#1443=VERTEX_POINT('',#4451);
#1444=VERTEX_POINT('',#4454);
#1445=VERTEX_POINT('',#4456);
#1446=VERTEX_POINT('',#4459);
#1447=VERTEX_POINT('',#4461);
#1448=VERTEX_POINT('',#4465);
#1449=VERTEX_POINT('',#4469);
#1450=VERTEX_POINT('',#4473);
#1451=VERTEX_POINT('',#4477);
#1452=VERTEX_POINT('',#4483);
#1453=VERTEX_POINT('',#4485);
#1454=VERTEX_POINT('',#4489);
#1455=VERTEX_POINT('',#4493);
#1456=VERTEX_POINT('',#4500);
#1457=VERTEX_POINT('',#4502);
#1458=VERTEX_POINT('',#4504);
#1459=VERTEX_POINT('',#4506);
#1460=VERTEX_POINT('',#4510);
#1461=VERTEX_POINT('',#4511);
#1462=VERTEX_POINT('',#4513);
#1463=VERTEX_POINT('',#4516);
#1464=VERTEX_POINT('',#4517);
#1465=VERTEX_POINT('',#4519);
#1466=VERTEX_POINT('',#4521);
#1467=VERTEX_POINT('',#4524);
#1468=VERTEX_POINT('',#4525);
#1469=VERTEX_POINT('',#4527);
#1470=VERTEX_POINT('',#4529);
#1471=VERTEX_POINT('',#4536);
#1472=VERTEX_POINT('',#4539);
#1473=VERTEX_POINT('',#4541);
#1474=VERTEX_POINT('',#4543);
#1475=VERTEX_POINT('',#4546);
#1476=VERTEX_POINT('',#4548);
#1477=VERTEX_POINT('',#4550);
#1478=VERTEX_POINT('',#4552);
#1479=VERTEX_POINT('',#4554);
#1480=VERTEX_POINT('',#4592);
#1481=VERTEX_POINT('',#4620);
#1482=VERTEX_POINT('',#4622);
#1483=VERTEX_POINT('',#4626);
#1484=VERTEX_POINT('',#4628);
#1485=VERTEX_POINT('',#4637);
#1486=VERTEX_POINT('',#4640);
#1487=VERTEX_POINT('',#4642);
#1488=VERTEX_POINT('',#4644);
#1489=VERTEX_POINT('',#4646);
#1490=VERTEX_POINT('',#4647);
#1491=VERTEX_POINT('',#4649);
#1492=VERTEX_POINT('',#4651);
#1493=VERTEX_POINT('',#4654);
#1494=VERTEX_POINT('',#4676);
#1495=VERTEX_POINT('',#4677);
#1496=VERTEX_POINT('',#4680);
#1497=VERTEX_POINT('',#4685);
#1498=VERTEX_POINT('',#4689);
#1499=VERTEX_POINT('',#4693);
#1500=VERTEX_POINT('',#4695);
#1501=VERTEX_POINT('',#4699);
#1502=VERTEX_POINT('',#4701);
#1503=VERTEX_POINT('',#4705);
#1504=VERTEX_POINT('',#4713);
#1505=VERTEX_POINT('',#4715);
#1506=VERTEX_POINT('',#4719);
#1507=VERTEX_POINT('',#4721);
#1508=VERTEX_POINT('',#4729);
#1509=VERTEX_POINT('',#4731);
#1510=VERTEX_POINT('',#4735);
#1511=VERTEX_POINT('',#4737);
#1512=VERTEX_POINT('',#4741);
#1513=VERTEX_POINT('',#4743);
#1514=VERTEX_POINT('',#4752);
#1515=VERTEX_POINT('',#4756);
#1516=VERTEX_POINT('',#4758);
#1517=VERTEX_POINT('',#4763);
#1518=VERTEX_POINT('',#4767);
#1519=VERTEX_POINT('',#4771);
#1520=VERTEX_POINT('',#4779);
#1521=VERTEX_POINT('',#4781);
#1522=EDGE_CURVE('',#1254,#1255,#1195,.T.);
#1523=EDGE_CURVE('',#1255,#1256,#521,.T.);
#1524=EDGE_CURVE('',#1256,#1257,#1196,.T.);
#1525=EDGE_CURVE('',#1257,#1254,#522,.T.);
#1526=EDGE_CURVE('',#1258,#1259,#523,.T.);
#1527=EDGE_CURVE('',#1260,#1258,#524,.T.);
#1528=EDGE_CURVE('',#1260,#1261,#1197,.T.);
#1529=EDGE_CURVE('',#1261,#1262,#1198,.T.);
#1530=EDGE_CURVE('',#1263,#1262,#525,.T.);
#1531=EDGE_CURVE('',#1263,#1257,#526,.T.);
#1532=EDGE_CURVE('',#1256,#1264,#527,.T.);
#1533=EDGE_CURVE('',#1264,#1265,#528,.T.);
#1534=EDGE_CURVE('',#1265,#1266,#529,.T.);
#1535=EDGE_CURVE('',#1259,#1266,#530,.T.);
#1536=EDGE_CURVE('',#1267,#1267,#1199,.T.);
#1537=EDGE_CURVE('',#1268,#1255,#531,.T.);
#1538=EDGE_CURVE('',#1268,#1269,#532,.T.);
#1539=EDGE_CURVE('',#1269,#1270,#533,.T.);
#1540=EDGE_CURVE('',#1270,#1271,#534,.T.);
#1541=EDGE_CURVE('',#1271,#1272,#535,.T.);
#1542=EDGE_CURVE('',#1272,#1273,#25,.T.);
#1543=EDGE_CURVE('',#1273,#1274,#536,.T.);
#1544=EDGE_CURVE('',#1274,#1264,#537,.T.);
#1545=EDGE_CURVE('',#1275,#1276,#538,.T.);
#1546=EDGE_CURVE('',#1276,#1277,#539,.T.);
#1547=EDGE_CURVE('',#1277,#1278,#540,.T.);
#1548=EDGE_CURVE('',#1278,#1275,#541,.T.);
#1549=EDGE_CURVE('',#1279,#1280,#542,.T.);
#1550=EDGE_CURVE('',#1280,#1281,#543,.T.);
#1551=EDGE_CURVE('',#1281,#1282,#544,.T.);
#1552=EDGE_CURVE('',#1282,#1279,#545,.T.);
#1553=EDGE_CURVE('',#1283,#1284,#546,.T.);
#1554=EDGE_CURVE('',#1284,#1285,#547,.T.);
#1555=EDGE_CURVE('',#1285,#1283,#548,.T.);
#1556=EDGE_CURVE('',#1286,#1287,#1200,.T.);
#1557=EDGE_CURVE('',#1287,#1288,#549,.T.);
#1558=EDGE_CURVE('',#1288,#1289,#1201,.T.);
#1559=EDGE_CURVE('',#1286,#1289,#550,.T.);
#1560=EDGE_CURVE('',#1290,#1287,#551,.T.);
#1561=EDGE_CURVE('',#1290,#1291,#552,.T.);
#1562=EDGE_CURVE('',#1291,#1292,#553,.T.);
#1563=EDGE_CURVE('',#1292,#1293,#554,.T.);
#1564=EDGE_CURVE('',#1293,#1294,#555,.T.);
#1565=EDGE_CURVE('',#1294,#1295,#556,.T.);
#1566=EDGE_CURVE('',#1288,#1295,#557,.T.);
#1567=EDGE_CURVE('',#1296,#1297,#558,.T.);
#1568=EDGE_CURVE('',#1297,#1298,#559,.T.);
#1569=EDGE_CURVE('',#1298,#1296,#560,.T.);
#1570=EDGE_CURVE('',#1299,#1300,#561,.T.);
#1571=EDGE_CURVE('',#1300,#1301,#562,.T.);
#1572=EDGE_CURVE('',#1301,#1302,#563,.T.);
#1573=EDGE_CURVE('',#1302,#1299,#564,.T.);
#1574=EDGE_CURVE('',#1303,#1304,#565,.T.);
#1575=EDGE_CURVE('',#1304,#1305,#566,.T.);
#1576=EDGE_CURVE('',#1305,#1306,#567,.T.);
#1577=EDGE_CURVE('',#1306,#1303,#568,.T.);
#1578=EDGE_CURVE('',#1307,#1308,#569,.T.);
#1579=EDGE_CURVE('',#1308,#1309,#570,.T.);
#1580=EDGE_CURVE('',#1309,#1310,#571,.T.);
#1581=EDGE_CURVE('',#1310,#1307,#572,.T.);
#1582=EDGE_CURVE('',#1311,#1286,#573,.T.);
#1583=EDGE_CURVE('',#1311,#1312,#1202,.T.);
#1584=EDGE_CURVE('',#1312,#1313,#1203,.T.);
#1585=EDGE_CURVE('',#1313,#1314,#574,.T.);
#1586=EDGE_CURVE('',#1315,#1314,#575,.T.);
#1587=EDGE_CURVE('',#1315,#1290,#576,.T.);
#1588=EDGE_CURVE('',#1316,#1316,#1204,.T.);
#1589=EDGE_CURVE('',#1266,#1317,#577,.T.);
#1590=EDGE_CURVE('',#1265,#1317,#578,.T.);
#1591=EDGE_CURVE('',#1318,#1272,#26,.T.);
#1592=EDGE_CURVE('',#1318,#1319,#579,.T.);
#1593=EDGE_CURVE('',#1273,#1319,#27,.T.);
#1594=EDGE_CURVE('',#1319,#1274,#580,.T.);
#1595=EDGE_CURVE('',#1317,#1320,#581,.T.);
#1596=EDGE_CURVE('',#1321,#1318,#582,.T.);
#1597=EDGE_CURVE('',#1320,#1321,#28,.T.);
#1598=EDGE_CURVE('',#1322,#1321,#29,.T.);
#1599=EDGE_CURVE('',#1322,#1323,#1205,.T.);
#1600=EDGE_CURVE('',#1323,#1324,#30,.T.);
#1601=EDGE_CURVE('',#1324,#1320,#1206,.T.);
#1602=EDGE_CURVE('',#1271,#1325,#583,.T.);
#1603=EDGE_CURVE('',#1325,#1326,#584,.T.);
#1604=EDGE_CURVE('',#1327,#1326,#585,.T.);
#1605=EDGE_CURVE('',#1328,#1327,#586,.T.);
#1606=EDGE_CURVE('',#1328,#1329,#587,.T.);
#1607=EDGE_CURVE('',#1329,#1330,#588,.T.);
#1608=EDGE_CURVE('',#1330,#1331,#589,.T.);
#1609=EDGE_CURVE('',#1332,#1331,#590,.T.);
#1610=EDGE_CURVE('',#1333,#1332,#591,.T.);
#1611=EDGE_CURVE('',#1322,#1333,#592,.T.);
#1612=EDGE_CURVE('',#1334,#1335,#593,.T.);
#1613=EDGE_CURVE('',#1336,#1334,#594,.T.);
#1614=EDGE_CURVE('',#1337,#1336,#595,.T.);
#1615=EDGE_CURVE('',#1335,#1337,#596,.T.);
#1616=EDGE_CURVE('',#1338,#1338,#1207,.T.);
#1617=EDGE_CURVE('',#1339,#1339,#1208,.T.);
#1618=EDGE_CURVE('',#1340,#1340,#1209,.T.);
#1619=EDGE_CURVE('',#1341,#1341,#1210,.T.);
#1620=EDGE_CURVE('',#1342,#1343,#31,.T.);
#1621=EDGE_CURVE('',#1292,#1342,#597,.T.);
#1622=EDGE_CURVE('',#1344,#1291,#598,.T.);
#1623=EDGE_CURVE('',#1343,#1344,#599,.T.);
#1624=EDGE_CURVE('',#1343,#1345,#1211,.T.);
#1625=EDGE_CURVE('',#1345,#1346,#32,.T.);
#1626=EDGE_CURVE('',#1346,#1347,#1212,.T.);
#1627=EDGE_CURVE('',#1342,#1347,#33,.T.);
#1628=EDGE_CURVE('',#1297,#1348,#600,.T.);
#1629=EDGE_CURVE('',#1349,#1348,#601,.T.);
#1630=EDGE_CURVE('',#1298,#1349,#602,.T.);
#1631=EDGE_CURVE('',#1296,#1350,#603,.T.);
#1632=EDGE_CURVE('',#1348,#1350,#604,.T.);
#1633=EDGE_CURVE('',#1300,#1351,#605,.T.);
#1634=EDGE_CURVE('',#1352,#1351,#606,.T.);
#1635=EDGE_CURVE('',#1301,#1352,#607,.T.);
#1636=EDGE_CURVE('',#1299,#1353,#608,.T.);
#1637=EDGE_CURVE('',#1351,#1353,#609,.T.);
#1638=EDGE_CURVE('',#1304,#1354,#610,.T.);
#1639=EDGE_CURVE('',#1355,#1354,#611,.T.);
#1640=EDGE_CURVE('',#1305,#1355,#612,.T.);
#1641=EDGE_CURVE('',#1303,#1356,#613,.T.);
#1642=EDGE_CURVE('',#1354,#1356,#614,.T.);
#1643=EDGE_CURVE('',#1308,#1357,#615,.T.);
#1644=EDGE_CURVE('',#1358,#1357,#616,.T.);
#1645=EDGE_CURVE('',#1309,#1358,#617,.T.);
#1646=EDGE_CURVE('',#1307,#1359,#618,.T.);
#1647=EDGE_CURVE('',#1357,#1359,#619,.T.);
#1648=EDGE_CURVE('',#1293,#1360,#620,.T.);
#1649=EDGE_CURVE('',#1294,#1360,#621,.T.);
#1650=EDGE_CURVE('',#1361,#1347,#622,.T.);
#1651=EDGE_CURVE('',#1362,#1361,#623,.T.);
#1652=EDGE_CURVE('',#1363,#1362,#624,.T.);
#1653=EDGE_CURVE('',#1364,#1363,#625,.T.);
#1654=EDGE_CURVE('',#1364,#1365,#626,.T.);
#1655=EDGE_CURVE('',#1365,#1366,#627,.T.);
#1656=EDGE_CURVE('',#1366,#1367,#628,.T.);
#1657=EDGE_CURVE('',#1368,#1367,#629,.T.);
#1658=EDGE_CURVE('',#1369,#1368,#630,.T.);
#1659=EDGE_CURVE('',#1369,#1370,#631,.T.);
#1660=EDGE_CURVE('',#1370,#1371,#632,.T.);
#1661=EDGE_CURVE('',#1371,#1372,#633,.T.);
#1662=EDGE_CURVE('',#1372,#1373,#634,.T.);
#1663=EDGE_CURVE('',#1374,#1373,#635,.T.);
#1664=EDGE_CURVE('',#1374,#1293,#636,.T.);
#1665=EDGE_CURVE('',#1375,#1375,#1213,.T.);
#1666=EDGE_CURVE('',#1376,#1376,#1214,.T.);
#1667=EDGE_CURVE('',#1377,#1377,#1215,.T.);
#1668=EDGE_CURVE('',#1378,#1378,#1216,.T.);
#1669=EDGE_CURVE('',#1379,#1380,#637,.T.);
#1670=EDGE_CURVE('',#1380,#1381,#638,.T.);
#1671=EDGE_CURVE('',#1381,#1382,#639,.T.);
#1672=EDGE_CURVE('',#1382,#1379,#640,.T.);
#1673=EDGE_CURVE('',#1383,#1384,#641,.T.);
#1674=EDGE_CURVE('',#1385,#1384,#642,.T.);
#1675=EDGE_CURVE('',#1385,#1386,#643,.T.);
#1676=EDGE_CURVE('',#1383,#1386,#644,.T.);
#1677=EDGE_CURVE('',#1350,#1349,#645,.T.);
#1678=EDGE_CURVE('',#1387,#1352,#646,.T.);
#1679=EDGE_CURVE('',#1302,#1387,#647,.T.);
#1680=EDGE_CURVE('',#1353,#1387,#648,.T.);
#1681=EDGE_CURVE('',#1388,#1355,#649,.T.);
#1682=EDGE_CURVE('',#1306,#1388,#650,.T.);
#1683=EDGE_CURVE('',#1356,#1388,#651,.T.);
#1684=EDGE_CURVE('',#1389,#1358,#652,.T.);
#1685=EDGE_CURVE('',#1310,#1389,#653,.T.);
#1686=EDGE_CURVE('',#1359,#1389,#654,.T.);
#1687=EDGE_CURVE('',#1295,#1390,#655,.T.);
#1688=EDGE_CURVE('',#1390,#1391,#656,.T.);
#1689=EDGE_CURVE('',#1391,#1392,#657,.T.);
#1690=EDGE_CURVE('',#1392,#1393,#1217,.T.);
#1691=EDGE_CURVE('',#1393,#1394,#1218,.T.);
#1692=EDGE_CURVE('',#1394,#1289,#658,.T.);
#1693=EDGE_CURVE('',#1395,#1395,#1219,.T.);
#1694=EDGE_CURVE('',#1267,#1396,#659,.T.);
#1695=EDGE_CURVE('',#1396,#1396,#1220,.T.);
#1696=EDGE_CURVE('',#1397,#1397,#1221,.T.);
#1697=EDGE_CURVE('',#1397,#1396,#660,.T.);
#1698=EDGE_CURVE('',#1316,#1398,#661,.T.);
#1699=EDGE_CURVE('',#1398,#1398,#1222,.T.);
#1700=EDGE_CURVE('',#1395,#1398,#662,.T.);
#1701=EDGE_CURVE('',#1261,#1399,#663,.T.);
#1702=EDGE_CURVE('',#1400,#1399,#1223,.T.);
#1703=EDGE_CURVE('',#1262,#1400,#664,.T.);
#1704=EDGE_CURVE('',#1401,#1400,#665,.T.);
#1705=EDGE_CURVE('',#1263,#1401,#666,.T.);
#1706=EDGE_CURVE('',#1254,#1401,#667,.T.);
#1707=EDGE_CURVE('',#1259,#1402,#668,.T.);
#1708=EDGE_CURVE('',#1403,#1402,#669,.T.);
#1709=EDGE_CURVE('',#1258,#1403,#670,.T.);
#1710=EDGE_CURVE('',#1404,#1403,#671,.T.);
#1711=EDGE_CURVE('',#1260,#1404,#672,.T.);
#1712=EDGE_CURVE('',#1399,#1404,#1224,.T.);
#1713=EDGE_CURVE('',#1311,#1394,#673,.T.);
#1714=EDGE_CURVE('',#1312,#1393,#674,.T.);
#1715=EDGE_CURVE('',#1313,#1392,#675,.T.);
#1716=EDGE_CURVE('',#1314,#1391,#676,.T.);
#1717=EDGE_CURVE('',#1315,#1390,#677,.T.);
#1718=EDGE_CURVE('',#1344,#1405,#678,.T.);
#1719=EDGE_CURVE('',#1405,#1406,#679,.T.);
#1720=EDGE_CURVE('',#1407,#1406,#680,.T.);
#1721=EDGE_CURVE('',#1345,#1407,#681,.T.);
#1722=EDGE_CURVE('',#1332,#1408,#682,.T.);
#1723=EDGE_CURVE('',#1408,#1409,#683,.T.);
#1724=EDGE_CURVE('',#1410,#1409,#684,.T.);
#1725=EDGE_CURVE('',#1410,#1411,#685,.T.);
#1726=EDGE_CURVE('',#1412,#1411,#686,.T.);
#1727=EDGE_CURVE('',#1412,#1413,#687,.T.);
#1728=EDGE_CURVE('',#1413,#1414,#688,.T.);
#1729=EDGE_CURVE('',#1414,#1415,#689,.T.);
#1730=EDGE_CURVE('',#1415,#1416,#690,.T.);
#1731=EDGE_CURVE('',#1416,#1368,#691,.T.);
#1732=EDGE_CURVE('',#1367,#1417,#692,.T.);
#1733=EDGE_CURVE('',#1417,#1418,#693,.T.);
#1734=EDGE_CURVE('',#1418,#1419,#694,.T.);
#1735=EDGE_CURVE('',#1420,#1419,#695,.T.);
#1736=EDGE_CURVE('',#1362,#1420,#696,.T.);
#1737=EDGE_CURVE('',#1421,#1361,#1225,.T.);
#1738=EDGE_CURVE('',#1422,#1421,#697,.T.);
#1739=EDGE_CURVE('',#1423,#1422,#698,.T.);
#1740=EDGE_CURVE('',#1333,#1423,#1226,.T.);
#1741=EDGE_CURVE('',#1424,#1425,#699,.T.);
#1742=EDGE_CURVE('',#1424,#1426,#700,.T.);
#1743=EDGE_CURVE('',#1427,#1426,#701,.T.);
#1744=EDGE_CURVE('',#1425,#1427,#702,.T.);
#1745=EDGE_CURVE('',#1428,#1429,#703,.T.);
#1746=EDGE_CURVE('',#1430,#1429,#704,.T.);
#1747=EDGE_CURVE('',#1431,#1430,#705,.T.);
#1748=EDGE_CURVE('',#1428,#1431,#706,.T.);
#1749=EDGE_CURVE('',#1432,#1432,#1227,.T.);
#1750=EDGE_CURVE('',#1433,#1433,#1228,.T.);
#1751=EDGE_CURVE('',#1434,#1422,#707,.T.);
#1752=EDGE_CURVE('',#1434,#1435,#708,.T.);
#1753=EDGE_CURVE('',#1436,#1435,#709,.T.);
#1754=EDGE_CURVE('',#1437,#1436,#710,.T.);
#1755=EDGE_CURVE('',#1423,#1437,#711,.T.);
#1756=EDGE_CURVE('',#1436,#1438,#712,.T.);
#1757=EDGE_CURVE('',#1438,#1437,#1229,.T.);
#1758=EDGE_CURVE('',#1439,#1440,#713,.T.);
#1759=EDGE_CURVE('',#1440,#1441,#714,.T.);
#1760=EDGE_CURVE('',#1441,#1442,#715,.T.);
#1761=EDGE_CURVE('',#1442,#1439,#716,.T.);
#1762=EDGE_CURVE('',#1327,#1443,#717,.T.);
#1763=EDGE_CURVE('',#1443,#1416,#718,.T.);
#1764=EDGE_CURVE('',#1415,#1444,#719,.T.);
#1765=EDGE_CURVE('',#1444,#1445,#720,.T.);
#1766=EDGE_CURVE('',#1445,#1408,#721,.T.);
#1767=EDGE_CURVE('',#1331,#1446,#722,.T.);
#1768=EDGE_CURVE('',#1446,#1447,#723,.T.);
#1769=EDGE_CURVE('',#1447,#1328,#724,.T.);
#1770=EDGE_CURVE('',#1448,#1448,#1230,.T.);
#1771=EDGE_CURVE('',#1448,#1341,#725,.T.);
#1772=EDGE_CURVE('',#1449,#1449,#1231,.T.);
#1773=EDGE_CURVE('',#1449,#1340,#726,.T.);
#1774=EDGE_CURVE('',#1450,#1450,#1232,.T.);
#1775=EDGE_CURVE('',#1450,#1339,#727,.T.);
#1776=EDGE_CURVE('',#1451,#1451,#1233,.T.);
#1777=EDGE_CURVE('',#1451,#1338,#728,.T.);
#1778=EDGE_CURVE('',#1323,#1438,#729,.T.);
#1779=EDGE_CURVE('',#1334,#1452,#730,.T.);
#1780=EDGE_CURVE('',#1453,#1452,#731,.T.);
#1781=EDGE_CURVE('',#1336,#1453,#732,.T.);
#1782=EDGE_CURVE('',#1454,#1453,#733,.T.);
#1783=EDGE_CURVE('',#1337,#1454,#734,.T.);
#1784=EDGE_CURVE('',#1455,#1454,#735,.T.);
#1785=EDGE_CURVE('',#1335,#1455,#736,.T.);
#1786=EDGE_CURVE('',#1452,#1455,#737,.T.);
#1787=EDGE_CURVE('',#1435,#1440,#738,.T.);
#1788=EDGE_CURVE('',#1456,#1439,#739,.T.);
#1789=EDGE_CURVE('',#1456,#1457,#740,.T.);
#1790=EDGE_CURVE('',#1457,#1458,#741,.T.);
#1791=EDGE_CURVE('',#1458,#1459,#742,.T.);
#1792=EDGE_CURVE('',#1402,#1459,#743,.T.);
#1793=EDGE_CURVE('',#1324,#1259,#744,.T.);
#1794=EDGE_CURVE('',#1460,#1461,#745,.T.);
#1795=EDGE_CURVE('',#1461,#1462,#746,.T.);
#1796=EDGE_CURVE('',#1462,#1460,#747,.T.);
#1797=EDGE_CURVE('',#1463,#1464,#748,.T.);
#1798=EDGE_CURVE('',#1464,#1465,#749,.T.);
#1799=EDGE_CURVE('',#1465,#1466,#750,.T.);
#1800=EDGE_CURVE('',#1466,#1463,#751,.T.);
#1801=EDGE_CURVE('',#1467,#1468,#752,.T.);
#1802=EDGE_CURVE('',#1468,#1469,#753,.T.);
#1803=EDGE_CURVE('',#1469,#1470,#754,.T.);
#1804=EDGE_CURVE('',#1470,#1467,#755,.T.);
#1805=EDGE_CURVE('',#1457,#1270,#756,.T.);
#1806=EDGE_CURVE('',#1325,#1456,#757,.T.);
#1807=EDGE_CURVE('',#1442,#1471,#758,.T.);
#1808=EDGE_CURVE('',#1471,#1374,#759,.T.);
#1809=EDGE_CURVE('',#1373,#1472,#760,.T.);
#1810=EDGE_CURVE('',#1472,#1473,#761,.T.);
#1811=EDGE_CURVE('',#1473,#1474,#762,.T.);
#1812=EDGE_CURVE('',#1325,#1474,#763,.T.);
#1813=EDGE_CURVE('',#1475,#1475,#1234,.T.);
#1814=EDGE_CURVE('',#1476,#1476,#1235,.T.);
#1815=EDGE_CURVE('',#1477,#1477,#1236,.T.);
#1816=EDGE_CURVE('',#1478,#1478,#1237,.T.);
#1817=EDGE_CURVE('',#1479,#1479,#1238,.T.);
#1818=EDGE_CURVE('',#1480,#1407,#34,.T.);
#1819=EDGE_CURVE('',#1346,#1480,#764,.T.);
#1820=EDGE_CURVE('',#1481,#1346,#765,.T.);
#1821=EDGE_CURVE('',#1482,#1480,#766,.T.);
#1822=EDGE_CURVE('',#1481,#1482,#767,.T.);
#1823=EDGE_CURVE('',#1481,#1483,#768,.T.);
#1824=EDGE_CURVE('',#1484,#1482,#769,.T.);
#1825=EDGE_CURVE('',#1483,#1484,#770,.T.);
#1826=EDGE_CURVE('',#1483,#1405,#771,.T.);
#1827=EDGE_CURVE('',#1406,#1484,#772,.T.);
#1828=EDGE_CURVE('',#1360,#1471,#773,.T.);
#1829=EDGE_CURVE('',#1441,#1485,#774,.T.);
#1830=EDGE_CURVE('',#1485,#1481,#775,.T.);
#1831=EDGE_CURVE('',#1486,#1486,#1239,.T.);
#1832=EDGE_CURVE('',#1487,#1487,#1240,.T.);
#1833=EDGE_CURVE('',#1488,#1488,#1241,.T.);
#1834=EDGE_CURVE('',#1489,#1490,#776,.T.);
#1835=EDGE_CURVE('',#1491,#1489,#777,.T.);
#1836=EDGE_CURVE('',#1492,#1491,#778,.T.);
#1837=EDGE_CURVE('',#1490,#1492,#779,.T.);
#1838=EDGE_CURVE('',#1493,#1493,#1242,.T.);
#1839=EDGE_CURVE('',#1375,#1486,#780,.T.);
#1840=EDGE_CURVE('',#1376,#1487,#781,.T.);
#1841=EDGE_CURVE('',#1377,#1488,#782,.T.);
#1842=EDGE_CURVE('',#1378,#1493,#783,.T.);
#1843=EDGE_CURVE('',#1421,#1485,#784,.T.);
#1844=EDGE_CURVE('',#1489,#1379,#785,.T.);
#1845=EDGE_CURVE('',#1491,#1382,#786,.T.);
#1846=EDGE_CURVE('',#1492,#1381,#787,.T.);
#1847=EDGE_CURVE('',#1490,#1380,#788,.T.);
#1848=EDGE_CURVE('',#1494,#1495,#1243,.T.);
#1849=EDGE_CURVE('',#1424,#1494,#789,.T.);
#1850=EDGE_CURVE('',#1496,#1425,#790,.T.);
#1851=EDGE_CURVE('',#1330,#1496,#791,.T.);
#1852=EDGE_CURVE('',#1495,#1329,#792,.T.);
#1853=EDGE_CURVE('',#1427,#1497,#793,.T.);
#1854=EDGE_CURVE('',#1497,#1496,#794,.T.);
#1855=EDGE_CURVE('',#1498,#1494,#795,.T.);
#1856=EDGE_CURVE('',#1498,#1426,#796,.T.);
#1857=EDGE_CURVE('',#1430,#1499,#797,.T.);
#1858=EDGE_CURVE('',#1499,#1500,#798,.T.);
#1859=EDGE_CURVE('',#1500,#1431,#799,.T.);
#1860=EDGE_CURVE('',#1501,#1429,#800,.T.);
#1861=EDGE_CURVE('',#1428,#1502,#801,.T.);
#1862=EDGE_CURVE('',#1501,#1502,#802,.T.);
#1863=EDGE_CURVE('',#1503,#1498,#1244,.T.);
#1864=EDGE_CURVE('',#1447,#1503,#803,.T.);
#1865=EDGE_CURVE('',#1497,#1446,#804,.T.);
#1866=EDGE_CURVE('',#1495,#1503,#805,.T.);
#1867=EDGE_CURVE('',#1418,#1504,#1245,.T.);
#1868=EDGE_CURVE('',#1505,#1417,#1246,.T.);
#1869=EDGE_CURVE('',#1505,#1504,#806,.T.);
#1870=EDGE_CURVE('',#1414,#1506,#1247,.T.);
#1871=EDGE_CURVE('',#1507,#1413,#1248,.T.);
#1872=EDGE_CURVE('',#1507,#1506,#807,.T.);
#1873=EDGE_CURVE('',#1506,#1444,#808,.T.);
#1874=EDGE_CURVE('',#1445,#1507,#809,.T.);
#1875=EDGE_CURVE('',#1508,#1419,#810,.T.);
#1876=EDGE_CURVE('',#1508,#1509,#811,.T.);
#1877=EDGE_CURVE('',#1509,#1420,#812,.T.);
#1878=EDGE_CURVE('',#1510,#1409,#813,.T.);
#1879=EDGE_CURVE('',#1510,#1511,#814,.T.);
#1880=EDGE_CURVE('',#1511,#1410,#815,.T.);
#1881=EDGE_CURVE('',#1412,#1512,#816,.T.);
#1882=EDGE_CURVE('',#1411,#1513,#817,.T.);
#1883=EDGE_CURVE('',#1513,#1512,#818,.T.);
#1884=EDGE_CURVE('',#1512,#1510,#819,.T.);
#1885=EDGE_CURVE('',#1513,#1511,#820,.T.);
#1886=EDGE_CURVE('',#1474,#1514,#821,.T.);
#1887=EDGE_CURVE('',#1514,#1326,#822,.T.);
#1888=EDGE_CURVE('',#1515,#1501,#1249,.T.);
#1889=EDGE_CURVE('',#1502,#1516,#1250,.T.);
#1890=EDGE_CURVE('',#1516,#1515,#823,.T.);
#1891=EDGE_CURVE('',#1517,#1517,#1251,.T.);
#1892=EDGE_CURVE('',#1517,#1479,#824,.T.);
#1893=EDGE_CURVE('',#1518,#1518,#1252,.T.);
#1894=EDGE_CURVE('',#1518,#1478,#825,.T.);
#1895=EDGE_CURVE('',#1519,#1519,#1253,.T.);
#1896=EDGE_CURVE('',#1519,#1477,#826,.T.);
#1897=EDGE_CURVE('',#1476,#1432,#827,.T.);
#1898=EDGE_CURVE('',#1475,#1433,#828,.T.);
#1899=EDGE_CURVE('',#1520,#1472,#829,.T.);
#1900=EDGE_CURVE('',#1521,#1520,#830,.T.);
#1901=EDGE_CURVE('',#1473,#1521,#831,.T.);
#1902=EDGE_CURVE('',#1520,#1372,#832,.T.);
#1903=EDGE_CURVE('',#1521,#1371,#833,.T.);
#1904=EDGE_CURVE('',#1514,#1370,#834,.T.);
#1905=EDGE_CURVE('',#1369,#1443,#835,.T.);
#1906=EDGE_CURVE('',#1516,#1386,#836,.T.);
#1907=EDGE_CURVE('',#1385,#1515,#837,.T.);
#1908=EDGE_CURVE('',#1383,#1500,#838,.T.);
#1909=EDGE_CURVE('',#1366,#1505,#839,.T.);
#1910=EDGE_CURVE('',#1504,#1365,#840,.T.);
#1911=EDGE_CURVE('',#1363,#1509,#841,.T.);
#1912=EDGE_CURVE('',#1364,#1508,#842,.T.);
#1913=EDGE_CURVE('',#1499,#1384,#843,.T.);
#1914=EDGE_CURVE('',#1485,#1434,#844,.T.);
#1915=EDGE_CURVE('',#1459,#1268,#845,.T.);
#1916=EDGE_CURVE('',#1269,#1458,#846,.T.);
#1917=EDGE_CURVE('',#1278,#1468,#847,.T.);
#1918=EDGE_CURVE('',#1275,#1467,#848,.T.);
#1919=EDGE_CURVE('',#1277,#1469,#849,.T.);
#1920=EDGE_CURVE('',#1282,#1464,#850,.T.);
#1921=EDGE_CURVE('',#1279,#1463,#851,.T.);
#1922=EDGE_CURVE('',#1281,#1465,#852,.T.);
#1923=EDGE_CURVE('',#1285,#1461,#853,.T.);
#1924=EDGE_CURVE('',#1283,#1460,#854,.T.);
#1925=EDGE_CURVE('',#1276,#1470,#855,.T.);
#1926=EDGE_CURVE('',#1280,#1466,#856,.T.);
#1927=EDGE_CURVE('',#1284,#1462,#857,.T.);
#1928=ORIENTED_EDGE('',*,*,#1522,.T.);
#1929=ORIENTED_EDGE('',*,*,#1523,.T.);
#1930=ORIENTED_EDGE('',*,*,#1524,.T.);
#1931=ORIENTED_EDGE('',*,*,#1525,.T.);
#1932=ORIENTED_EDGE('',*,*,#1526,.F.);
#1933=ORIENTED_EDGE('',*,*,#1527,.F.);
#1934=ORIENTED_EDGE('',*,*,#1528,.T.);
#1935=ORIENTED_EDGE('',*,*,#1529,.T.);
#1936=ORIENTED_EDGE('',*,*,#1530,.F.);
#1937=ORIENTED_EDGE('',*,*,#1531,.T.);
#1938=ORIENTED_EDGE('',*,*,#1524,.F.);
#1939=ORIENTED_EDGE('',*,*,#1532,.T.);
#1940=ORIENTED_EDGE('',*,*,#1533,.T.);
#1941=ORIENTED_EDGE('',*,*,#1534,.T.);
#1942=ORIENTED_EDGE('',*,*,#1535,.F.);
#1943=ORIENTED_EDGE('',*,*,#1536,.F.);
#1944=ORIENTED_EDGE('',*,*,#1523,.F.);
#1945=ORIENTED_EDGE('',*,*,#1537,.F.);
#1946=ORIENTED_EDGE('',*,*,#1538,.T.);
#1947=ORIENTED_EDGE('',*,*,#1539,.T.);
#1948=ORIENTED_EDGE('',*,*,#1540,.T.);
#1949=ORIENTED_EDGE('',*,*,#1541,.T.);
#1950=ORIENTED_EDGE('',*,*,#1542,.T.);
#1951=ORIENTED_EDGE('',*,*,#1543,.T.);
#1952=ORIENTED_EDGE('',*,*,#1544,.T.);
#1953=ORIENTED_EDGE('',*,*,#1532,.F.);
#1954=ORIENTED_EDGE('',*,*,#1545,.T.);
#1955=ORIENTED_EDGE('',*,*,#1546,.T.);
#1956=ORIENTED_EDGE('',*,*,#1547,.T.);
#1957=ORIENTED_EDGE('',*,*,#1548,.T.);
#1958=ORIENTED_EDGE('',*,*,#1549,.T.);
#1959=ORIENTED_EDGE('',*,*,#1550,.T.);
#1960=ORIENTED_EDGE('',*,*,#1551,.T.);
#1961=ORIENTED_EDGE('',*,*,#1552,.T.);
#1962=ORIENTED_EDGE('',*,*,#1553,.T.);
#1963=ORIENTED_EDGE('',*,*,#1554,.T.);
#1964=ORIENTED_EDGE('',*,*,#1555,.T.);
#1965=ORIENTED_EDGE('',*,*,#1556,.T.);
#1966=ORIENTED_EDGE('',*,*,#1557,.T.);
#1967=ORIENTED_EDGE('',*,*,#1558,.T.);
#1968=ORIENTED_EDGE('',*,*,#1559,.F.);
#1969=ORIENTED_EDGE('',*,*,#1557,.F.);
#1970=ORIENTED_EDGE('',*,*,#1560,.F.);
#1971=ORIENTED_EDGE('',*,*,#1561,.T.);
#1972=ORIENTED_EDGE('',*,*,#1562,.T.);
#1973=ORIENTED_EDGE('',*,*,#1563,.T.);
#1974=ORIENTED_EDGE('',*,*,#1564,.T.);
#1975=ORIENTED_EDGE('',*,*,#1565,.T.);
#1976=ORIENTED_EDGE('',*,*,#1566,.F.);
#1977=ORIENTED_EDGE('',*,*,#1567,.T.);
#1978=ORIENTED_EDGE('',*,*,#1568,.T.);
#1979=ORIENTED_EDGE('',*,*,#1569,.T.);
#1980=ORIENTED_EDGE('',*,*,#1570,.T.);
#1981=ORIENTED_EDGE('',*,*,#1571,.T.);
#1982=ORIENTED_EDGE('',*,*,#1572,.T.);
#1983=ORIENTED_EDGE('',*,*,#1573,.T.);
#1984=ORIENTED_EDGE('',*,*,#1574,.T.);
#1985=ORIENTED_EDGE('',*,*,#1575,.T.);
#1986=ORIENTED_EDGE('',*,*,#1576,.T.);
#1987=ORIENTED_EDGE('',*,*,#1577,.T.);
#1988=ORIENTED_EDGE('',*,*,#1578,.T.);
#1989=ORIENTED_EDGE('',*,*,#1579,.T.);
#1990=ORIENTED_EDGE('',*,*,#1580,.T.);
#1991=ORIENTED_EDGE('',*,*,#1581,.T.);
#1992=ORIENTED_EDGE('',*,*,#1556,.F.);
#1993=ORIENTED_EDGE('',*,*,#1582,.F.);
#1994=ORIENTED_EDGE('',*,*,#1583,.T.);
#1995=ORIENTED_EDGE('',*,*,#1584,.T.);
#1996=ORIENTED_EDGE('',*,*,#1585,.T.);
#1997=ORIENTED_EDGE('',*,*,#1586,.F.);
#1998=ORIENTED_EDGE('',*,*,#1587,.T.);
#1999=ORIENTED_EDGE('',*,*,#1560,.T.);
#2000=ORIENTED_EDGE('',*,*,#1588,.F.);
#2001=ORIENTED_EDGE('',*,*,#1589,.F.);
#2002=ORIENTED_EDGE('',*,*,#1534,.F.);
#2003=ORIENTED_EDGE('',*,*,#1590,.T.);
#2004=ORIENTED_EDGE('',*,*,#1591,.F.);
#2005=ORIENTED_EDGE('',*,*,#1592,.T.);
#2006=ORIENTED_EDGE('',*,*,#1593,.F.);
#2007=ORIENTED_EDGE('',*,*,#1542,.F.);
#2008=ORIENTED_EDGE('',*,*,#1543,.F.);
#2009=ORIENTED_EDGE('',*,*,#1593,.T.);
#2010=ORIENTED_EDGE('',*,*,#1594,.T.);
#2011=ORIENTED_EDGE('',*,*,#1595,.F.);
#2012=ORIENTED_EDGE('',*,*,#1590,.F.);
#2013=ORIENTED_EDGE('',*,*,#1533,.F.);
#2014=ORIENTED_EDGE('',*,*,#1544,.F.);
#2015=ORIENTED_EDGE('',*,*,#1594,.F.);
#2016=ORIENTED_EDGE('',*,*,#1592,.F.);
#2017=ORIENTED_EDGE('',*,*,#1596,.F.);
#2018=ORIENTED_EDGE('',*,*,#1597,.F.);
#2019=ORIENTED_EDGE('',*,*,#1597,.T.);
#2020=ORIENTED_EDGE('',*,*,#1598,.F.);
#2021=ORIENTED_EDGE('',*,*,#1599,.T.);
#2022=ORIENTED_EDGE('',*,*,#1600,.T.);
#2023=ORIENTED_EDGE('',*,*,#1601,.T.);
#2024=ORIENTED_EDGE('',*,*,#1596,.T.);
#2025=ORIENTED_EDGE('',*,*,#1591,.T.);
#2026=ORIENTED_EDGE('',*,*,#1541,.F.);
#2027=ORIENTED_EDGE('',*,*,#1602,.T.);
#2028=ORIENTED_EDGE('',*,*,#1603,.T.);
#2029=ORIENTED_EDGE('',*,*,#1604,.F.);
#2030=ORIENTED_EDGE('',*,*,#1605,.F.);
#2031=ORIENTED_EDGE('',*,*,#1606,.T.);
#2032=ORIENTED_EDGE('',*,*,#1607,.T.);
#2033=ORIENTED_EDGE('',*,*,#1608,.T.);
#2034=ORIENTED_EDGE('',*,*,#1609,.F.);
#2035=ORIENTED_EDGE('',*,*,#1610,.F.);
#2036=ORIENTED_EDGE('',*,*,#1611,.F.);
#2037=ORIENTED_EDGE('',*,*,#1598,.T.);
#2038=ORIENTED_EDGE('',*,*,#1612,.F.);
#2039=ORIENTED_EDGE('',*,*,#1613,.F.);
#2040=ORIENTED_EDGE('',*,*,#1614,.F.);
#2041=ORIENTED_EDGE('',*,*,#1615,.F.);
#2042=ORIENTED_EDGE('',*,*,#1616,.T.);
#2043=ORIENTED_EDGE('',*,*,#1617,.T.);
#2044=ORIENTED_EDGE('',*,*,#1618,.T.);
#2045=ORIENTED_EDGE('',*,*,#1619,.T.);
#2046=ORIENTED_EDGE('',*,*,#1620,.F.);
#2047=ORIENTED_EDGE('',*,*,#1621,.F.);
#2048=ORIENTED_EDGE('',*,*,#1562,.F.);
#2049=ORIENTED_EDGE('',*,*,#1622,.F.);
#2050=ORIENTED_EDGE('',*,*,#1623,.F.);
#2051=ORIENTED_EDGE('',*,*,#1620,.T.);
#2052=ORIENTED_EDGE('',*,*,#1624,.T.);
#2053=ORIENTED_EDGE('',*,*,#1625,.T.);
#2054=ORIENTED_EDGE('',*,*,#1626,.T.);
#2055=ORIENTED_EDGE('',*,*,#1627,.F.);
#2056=ORIENTED_EDGE('',*,*,#1568,.F.);
#2057=ORIENTED_EDGE('',*,*,#1628,.T.);
#2058=ORIENTED_EDGE('',*,*,#1629,.F.);
#2059=ORIENTED_EDGE('',*,*,#1630,.F.);
#2060=ORIENTED_EDGE('',*,*,#1567,.F.);
#2061=ORIENTED_EDGE('',*,*,#1631,.T.);
#2062=ORIENTED_EDGE('',*,*,#1632,.F.);
#2063=ORIENTED_EDGE('',*,*,#1628,.F.);
#2064=ORIENTED_EDGE('',*,*,#1571,.F.);
#2065=ORIENTED_EDGE('',*,*,#1633,.T.);
#2066=ORIENTED_EDGE('',*,*,#1634,.F.);
#2067=ORIENTED_EDGE('',*,*,#1635,.F.);
#2068=ORIENTED_EDGE('',*,*,#1570,.F.);
#2069=ORIENTED_EDGE('',*,*,#1636,.T.);
#2070=ORIENTED_EDGE('',*,*,#1637,.F.);
#2071=ORIENTED_EDGE('',*,*,#1633,.F.);
#2072=ORIENTED_EDGE('',*,*,#1575,.F.);
#2073=ORIENTED_EDGE('',*,*,#1638,.T.);
#2074=ORIENTED_EDGE('',*,*,#1639,.F.);
#2075=ORIENTED_EDGE('',*,*,#1640,.F.);
#2076=ORIENTED_EDGE('',*,*,#1574,.F.);
#2077=ORIENTED_EDGE('',*,*,#1641,.T.);
#2078=ORIENTED_EDGE('',*,*,#1642,.F.);
#2079=ORIENTED_EDGE('',*,*,#1638,.F.);
#2080=ORIENTED_EDGE('',*,*,#1579,.F.);
#2081=ORIENTED_EDGE('',*,*,#1643,.T.);
#2082=ORIENTED_EDGE('',*,*,#1644,.F.);
#2083=ORIENTED_EDGE('',*,*,#1645,.F.);
#2084=ORIENTED_EDGE('',*,*,#1578,.F.);
#2085=ORIENTED_EDGE('',*,*,#1646,.T.);
#2086=ORIENTED_EDGE('',*,*,#1647,.F.);
#2087=ORIENTED_EDGE('',*,*,#1643,.F.);
#2088=ORIENTED_EDGE('',*,*,#1564,.F.);
#2089=ORIENTED_EDGE('',*,*,#1648,.T.);
#2090=ORIENTED_EDGE('',*,*,#1649,.F.);
#2091=ORIENTED_EDGE('',*,*,#1563,.F.);
#2092=ORIENTED_EDGE('',*,*,#1621,.T.);
#2093=ORIENTED_EDGE('',*,*,#1627,.T.);
#2094=ORIENTED_EDGE('',*,*,#1650,.F.);
#2095=ORIENTED_EDGE('',*,*,#1651,.F.);
#2096=ORIENTED_EDGE('',*,*,#1652,.F.);
#2097=ORIENTED_EDGE('',*,*,#1653,.F.);
#2098=ORIENTED_EDGE('',*,*,#1654,.T.);
#2099=ORIENTED_EDGE('',*,*,#1655,.T.);
#2100=ORIENTED_EDGE('',*,*,#1656,.T.);
#2101=ORIENTED_EDGE('',*,*,#1657,.F.);
#2102=ORIENTED_EDGE('',*,*,#1658,.F.);
#2103=ORIENTED_EDGE('',*,*,#1659,.T.);
#2104=ORIENTED_EDGE('',*,*,#1660,.T.);
#2105=ORIENTED_EDGE('',*,*,#1661,.T.);
#2106=ORIENTED_EDGE('',*,*,#1662,.T.);
#2107=ORIENTED_EDGE('',*,*,#1663,.F.);
#2108=ORIENTED_EDGE('',*,*,#1664,.T.);
#2109=ORIENTED_EDGE('',*,*,#1665,.T.);
#2110=ORIENTED_EDGE('',*,*,#1666,.T.);
#2111=ORIENTED_EDGE('',*,*,#1667,.T.);
#2112=ORIENTED_EDGE('',*,*,#1668,.T.);
#2113=ORIENTED_EDGE('',*,*,#1669,.T.);
#2114=ORIENTED_EDGE('',*,*,#1670,.T.);
#2115=ORIENTED_EDGE('',*,*,#1671,.T.);
#2116=ORIENTED_EDGE('',*,*,#1672,.T.);
#2117=ORIENTED_EDGE('',*,*,#1673,.T.);
#2118=ORIENTED_EDGE('',*,*,#1674,.F.);
#2119=ORIENTED_EDGE('',*,*,#1675,.T.);
#2120=ORIENTED_EDGE('',*,*,#1676,.F.);
#2121=ORIENTED_EDGE('',*,*,#1569,.F.);
#2122=ORIENTED_EDGE('',*,*,#1630,.T.);
#2123=ORIENTED_EDGE('',*,*,#1677,.F.);
#2124=ORIENTED_EDGE('',*,*,#1631,.F.);
#2125=ORIENTED_EDGE('',*,*,#1572,.F.);
#2126=ORIENTED_EDGE('',*,*,#1635,.T.);
#2127=ORIENTED_EDGE('',*,*,#1678,.F.);
#2128=ORIENTED_EDGE('',*,*,#1679,.F.);
#2129=ORIENTED_EDGE('',*,*,#1573,.F.);
#2130=ORIENTED_EDGE('',*,*,#1679,.T.);
#2131=ORIENTED_EDGE('',*,*,#1680,.F.);
#2132=ORIENTED_EDGE('',*,*,#1636,.F.);
#2133=ORIENTED_EDGE('',*,*,#1576,.F.);
#2134=ORIENTED_EDGE('',*,*,#1640,.T.);
#2135=ORIENTED_EDGE('',*,*,#1681,.F.);
#2136=ORIENTED_EDGE('',*,*,#1682,.F.);
#2137=ORIENTED_EDGE('',*,*,#1577,.F.);
#2138=ORIENTED_EDGE('',*,*,#1682,.T.);
#2139=ORIENTED_EDGE('',*,*,#1683,.F.);
#2140=ORIENTED_EDGE('',*,*,#1641,.F.);
#2141=ORIENTED_EDGE('',*,*,#1580,.F.);
#2142=ORIENTED_EDGE('',*,*,#1645,.T.);
#2143=ORIENTED_EDGE('',*,*,#1684,.F.);
#2144=ORIENTED_EDGE('',*,*,#1685,.F.);
#2145=ORIENTED_EDGE('',*,*,#1581,.F.);
#2146=ORIENTED_EDGE('',*,*,#1685,.T.);
#2147=ORIENTED_EDGE('',*,*,#1686,.F.);
#2148=ORIENTED_EDGE('',*,*,#1646,.F.);
#2149=ORIENTED_EDGE('',*,*,#1558,.F.);
#2150=ORIENTED_EDGE('',*,*,#1566,.T.);
#2151=ORIENTED_EDGE('',*,*,#1687,.T.);
#2152=ORIENTED_EDGE('',*,*,#1688,.T.);
#2153=ORIENTED_EDGE('',*,*,#1689,.T.);
#2154=ORIENTED_EDGE('',*,*,#1690,.T.);
#2155=ORIENTED_EDGE('',*,*,#1691,.T.);
#2156=ORIENTED_EDGE('',*,*,#1692,.T.);
#2157=ORIENTED_EDGE('',*,*,#1693,.T.);
#2158=ORIENTED_EDGE('',*,*,#1536,.T.);
#2159=ORIENTED_EDGE('',*,*,#1694,.T.);
#2160=ORIENTED_EDGE('',*,*,#1695,.T.);
#2161=ORIENTED_EDGE('',*,*,#1694,.F.);
#2162=ORIENTED_EDGE('',*,*,#1696,.F.);
#2163=ORIENTED_EDGE('',*,*,#1697,.T.);
#2164=ORIENTED_EDGE('',*,*,#1695,.F.);
#2165=ORIENTED_EDGE('',*,*,#1697,.F.);
#2166=ORIENTED_EDGE('',*,*,#1588,.T.);
#2167=ORIENTED_EDGE('',*,*,#1698,.T.);
#2168=ORIENTED_EDGE('',*,*,#1699,.T.);
#2169=ORIENTED_EDGE('',*,*,#1698,.F.);
#2170=ORIENTED_EDGE('',*,*,#1693,.F.);
#2171=ORIENTED_EDGE('',*,*,#1700,.T.);
#2172=ORIENTED_EDGE('',*,*,#1699,.F.);
#2173=ORIENTED_EDGE('',*,*,#1700,.F.);
#2174=ORIENTED_EDGE('',*,*,#1529,.F.);
#2175=ORIENTED_EDGE('',*,*,#1701,.T.);
#2176=ORIENTED_EDGE('',*,*,#1702,.F.);
#2177=ORIENTED_EDGE('',*,*,#1703,.F.);
#2178=ORIENTED_EDGE('',*,*,#1530,.T.);
#2179=ORIENTED_EDGE('',*,*,#1703,.T.);
#2180=ORIENTED_EDGE('',*,*,#1704,.F.);
#2181=ORIENTED_EDGE('',*,*,#1705,.F.);
#2182=ORIENTED_EDGE('',*,*,#1525,.F.);
#2183=ORIENTED_EDGE('',*,*,#1531,.F.);
#2184=ORIENTED_EDGE('',*,*,#1705,.T.);
#2185=ORIENTED_EDGE('',*,*,#1706,.F.);
#2186=ORIENTED_EDGE('',*,*,#1526,.T.);
#2187=ORIENTED_EDGE('',*,*,#1707,.T.);
#2188=ORIENTED_EDGE('',*,*,#1708,.F.);
#2189=ORIENTED_EDGE('',*,*,#1709,.F.);
#2190=ORIENTED_EDGE('',*,*,#1527,.T.);
#2191=ORIENTED_EDGE('',*,*,#1709,.T.);
#2192=ORIENTED_EDGE('',*,*,#1710,.F.);
#2193=ORIENTED_EDGE('',*,*,#1711,.F.);
#2194=ORIENTED_EDGE('',*,*,#1528,.F.);
#2195=ORIENTED_EDGE('',*,*,#1711,.T.);
#2196=ORIENTED_EDGE('',*,*,#1712,.F.);
#2197=ORIENTED_EDGE('',*,*,#1701,.F.);
#2198=ORIENTED_EDGE('',*,*,#1583,.F.);
#2199=ORIENTED_EDGE('',*,*,#1713,.T.);
#2200=ORIENTED_EDGE('',*,*,#1691,.F.);
#2201=ORIENTED_EDGE('',*,*,#1714,.F.);
#2202=ORIENTED_EDGE('',*,*,#1584,.F.);
#2203=ORIENTED_EDGE('',*,*,#1714,.T.);
#2204=ORIENTED_EDGE('',*,*,#1690,.F.);
#2205=ORIENTED_EDGE('',*,*,#1715,.F.);
#2206=ORIENTED_EDGE('',*,*,#1585,.F.);
#2207=ORIENTED_EDGE('',*,*,#1715,.T.);
#2208=ORIENTED_EDGE('',*,*,#1689,.F.);
#2209=ORIENTED_EDGE('',*,*,#1716,.F.);
#2210=ORIENTED_EDGE('',*,*,#1586,.T.);
#2211=ORIENTED_EDGE('',*,*,#1716,.T.);
#2212=ORIENTED_EDGE('',*,*,#1688,.F.);
#2213=ORIENTED_EDGE('',*,*,#1717,.F.);
#2214=ORIENTED_EDGE('',*,*,#1582,.T.);
#2215=ORIENTED_EDGE('',*,*,#1559,.T.);
#2216=ORIENTED_EDGE('',*,*,#1692,.F.);
#2217=ORIENTED_EDGE('',*,*,#1713,.F.);
#2218=ORIENTED_EDGE('',*,*,#1718,.T.);
#2219=ORIENTED_EDGE('',*,*,#1719,.T.);
#2220=ORIENTED_EDGE('',*,*,#1720,.F.);
#2221=ORIENTED_EDGE('',*,*,#1721,.F.);
#2222=ORIENTED_EDGE('',*,*,#1624,.F.);
#2223=ORIENTED_EDGE('',*,*,#1623,.T.);
#2224=ORIENTED_EDGE('',*,*,#1722,.T.);
#2225=ORIENTED_EDGE('',*,*,#1723,.T.);
#2226=ORIENTED_EDGE('',*,*,#1724,.F.);
#2227=ORIENTED_EDGE('',*,*,#1725,.T.);
#2228=ORIENTED_EDGE('',*,*,#1726,.F.);
#2229=ORIENTED_EDGE('',*,*,#1727,.T.);
#2230=ORIENTED_EDGE('',*,*,#1728,.T.);
#2231=ORIENTED_EDGE('',*,*,#1729,.T.);
#2232=ORIENTED_EDGE('',*,*,#1730,.T.);
#2233=ORIENTED_EDGE('',*,*,#1731,.T.);
#2234=ORIENTED_EDGE('',*,*,#1657,.T.);
#2235=ORIENTED_EDGE('',*,*,#1732,.T.);
#2236=ORIENTED_EDGE('',*,*,#1733,.T.);
#2237=ORIENTED_EDGE('',*,*,#1734,.T.);
#2238=ORIENTED_EDGE('',*,*,#1735,.F.);
#2239=ORIENTED_EDGE('',*,*,#1736,.F.);
#2240=ORIENTED_EDGE('',*,*,#1651,.T.);
#2241=ORIENTED_EDGE('',*,*,#1737,.F.);
#2242=ORIENTED_EDGE('',*,*,#1738,.F.);
#2243=ORIENTED_EDGE('',*,*,#1739,.F.);
#2244=ORIENTED_EDGE('',*,*,#1740,.F.);
#2245=ORIENTED_EDGE('',*,*,#1610,.T.);
#2246=ORIENTED_EDGE('',*,*,#1741,.F.);
#2247=ORIENTED_EDGE('',*,*,#1742,.T.);
#2248=ORIENTED_EDGE('',*,*,#1743,.F.);
#2249=ORIENTED_EDGE('',*,*,#1744,.F.);
#2250=ORIENTED_EDGE('',*,*,#1745,.T.);
#2251=ORIENTED_EDGE('',*,*,#1746,.F.);
#2252=ORIENTED_EDGE('',*,*,#1747,.F.);
#2253=ORIENTED_EDGE('',*,*,#1748,.F.);
#2254=ORIENTED_EDGE('',*,*,#1749,.T.);
#2255=ORIENTED_EDGE('',*,*,#1750,.T.);
#2256=ORIENTED_EDGE('',*,*,#1751,.F.);
#2257=ORIENTED_EDGE('',*,*,#1752,.T.);
#2258=ORIENTED_EDGE('',*,*,#1753,.F.);
#2259=ORIENTED_EDGE('',*,*,#1754,.F.);
#2260=ORIENTED_EDGE('',*,*,#1755,.F.);
#2261=ORIENTED_EDGE('',*,*,#1739,.T.);
#2262=ORIENTED_EDGE('',*,*,#1754,.T.);
#2263=ORIENTED_EDGE('',*,*,#1756,.T.);
#2264=ORIENTED_EDGE('',*,*,#1757,.T.);
#2265=ORIENTED_EDGE('',*,*,#1758,.T.);
#2266=ORIENTED_EDGE('',*,*,#1759,.T.);
#2267=ORIENTED_EDGE('',*,*,#1760,.T.);
#2268=ORIENTED_EDGE('',*,*,#1761,.T.);
#2269=ORIENTED_EDGE('',*,*,#1762,.T.);
#2270=ORIENTED_EDGE('',*,*,#1763,.T.);
#2271=ORIENTED_EDGE('',*,*,#1730,.F.);
#2272=ORIENTED_EDGE('',*,*,#1764,.T.);
#2273=ORIENTED_EDGE('',*,*,#1765,.T.);
#2274=ORIENTED_EDGE('',*,*,#1766,.T.);
#2275=ORIENTED_EDGE('',*,*,#1722,.F.);
#2276=ORIENTED_EDGE('',*,*,#1609,.T.);
#2277=ORIENTED_EDGE('',*,*,#1767,.T.);
#2278=ORIENTED_EDGE('',*,*,#1768,.T.);
#2279=ORIENTED_EDGE('',*,*,#1769,.T.);
#2280=ORIENTED_EDGE('',*,*,#1605,.T.);
#2281=ORIENTED_EDGE('',*,*,#1770,.F.);
#2282=ORIENTED_EDGE('',*,*,#1771,.T.);
#2283=ORIENTED_EDGE('',*,*,#1619,.F.);
#2284=ORIENTED_EDGE('',*,*,#1771,.F.);
#2285=ORIENTED_EDGE('',*,*,#1772,.F.);
#2286=ORIENTED_EDGE('',*,*,#1773,.T.);
#2287=ORIENTED_EDGE('',*,*,#1618,.F.);
#2288=ORIENTED_EDGE('',*,*,#1773,.F.);
#2289=ORIENTED_EDGE('',*,*,#1774,.F.);
#2290=ORIENTED_EDGE('',*,*,#1775,.T.);
#2291=ORIENTED_EDGE('',*,*,#1617,.F.);
#2292=ORIENTED_EDGE('',*,*,#1775,.F.);
#2293=ORIENTED_EDGE('',*,*,#1776,.F.);
#2294=ORIENTED_EDGE('',*,*,#1777,.T.);
#2295=ORIENTED_EDGE('',*,*,#1616,.F.);
#2296=ORIENTED_EDGE('',*,*,#1777,.F.);
#2297=ORIENTED_EDGE('',*,*,#1611,.T.);
#2298=ORIENTED_EDGE('',*,*,#1740,.T.);
#2299=ORIENTED_EDGE('',*,*,#1755,.T.);
#2300=ORIENTED_EDGE('',*,*,#1757,.F.);
#2301=ORIENTED_EDGE('',*,*,#1778,.F.);
#2302=ORIENTED_EDGE('',*,*,#1599,.F.);
#2303=ORIENTED_EDGE('',*,*,#1613,.T.);
#2304=ORIENTED_EDGE('',*,*,#1779,.T.);
#2305=ORIENTED_EDGE('',*,*,#1780,.F.);
#2306=ORIENTED_EDGE('',*,*,#1781,.F.);
#2307=ORIENTED_EDGE('',*,*,#1614,.T.);
#2308=ORIENTED_EDGE('',*,*,#1781,.T.);
#2309=ORIENTED_EDGE('',*,*,#1782,.F.);
#2310=ORIENTED_EDGE('',*,*,#1783,.F.);
#2311=ORIENTED_EDGE('',*,*,#1615,.T.);
#2312=ORIENTED_EDGE('',*,*,#1783,.T.);
#2313=ORIENTED_EDGE('',*,*,#1784,.F.);
#2314=ORIENTED_EDGE('',*,*,#1785,.F.);
#2315=ORIENTED_EDGE('',*,*,#1612,.T.);
#2316=ORIENTED_EDGE('',*,*,#1785,.T.);
#2317=ORIENTED_EDGE('',*,*,#1786,.F.);
#2318=ORIENTED_EDGE('',*,*,#1779,.F.);
#2319=ORIENTED_EDGE('',*,*,#1787,.T.);
#2320=ORIENTED_EDGE('',*,*,#1758,.F.);
#2321=ORIENTED_EDGE('',*,*,#1788,.F.);
#2322=ORIENTED_EDGE('',*,*,#1789,.T.);
#2323=ORIENTED_EDGE('',*,*,#1790,.T.);
#2324=ORIENTED_EDGE('',*,*,#1791,.T.);
#2325=ORIENTED_EDGE('',*,*,#1792,.F.);
#2326=ORIENTED_EDGE('',*,*,#1707,.F.);
#2327=ORIENTED_EDGE('',*,*,#1793,.F.);
#2328=ORIENTED_EDGE('',*,*,#1600,.F.);
#2329=ORIENTED_EDGE('',*,*,#1778,.T.);
#2330=ORIENTED_EDGE('',*,*,#1756,.F.);
#2331=ORIENTED_EDGE('',*,*,#1753,.T.);
#2332=ORIENTED_EDGE('',*,*,#1794,.T.);
#2333=ORIENTED_EDGE('',*,*,#1795,.T.);
#2334=ORIENTED_EDGE('',*,*,#1796,.T.);
#2335=ORIENTED_EDGE('',*,*,#1797,.T.);
#2336=ORIENTED_EDGE('',*,*,#1798,.T.);
#2337=ORIENTED_EDGE('',*,*,#1799,.T.);
#2338=ORIENTED_EDGE('',*,*,#1800,.T.);
#2339=ORIENTED_EDGE('',*,*,#1801,.T.);
#2340=ORIENTED_EDGE('',*,*,#1802,.T.);
#2341=ORIENTED_EDGE('',*,*,#1803,.T.);
#2342=ORIENTED_EDGE('',*,*,#1804,.T.);
#2343=ORIENTED_EDGE('',*,*,#1770,.T.);
#2344=ORIENTED_EDGE('',*,*,#1772,.T.);
#2345=ORIENTED_EDGE('',*,*,#1774,.T.);
#2346=ORIENTED_EDGE('',*,*,#1776,.T.);
#2347=ORIENTED_EDGE('',*,*,#1786,.T.);
#2348=ORIENTED_EDGE('',*,*,#1784,.T.);
#2349=ORIENTED_EDGE('',*,*,#1782,.T.);
#2350=ORIENTED_EDGE('',*,*,#1780,.T.);
#2351=ORIENTED_EDGE('',*,*,#1540,.F.);
#2352=ORIENTED_EDGE('',*,*,#1805,.F.);
#2353=ORIENTED_EDGE('',*,*,#1789,.F.);
#2354=ORIENTED_EDGE('',*,*,#1806,.F.);
#2355=ORIENTED_EDGE('',*,*,#1602,.F.);
#2356=ORIENTED_EDGE('',*,*,#1806,.T.);
#2357=ORIENTED_EDGE('',*,*,#1788,.T.);
#2358=ORIENTED_EDGE('',*,*,#1761,.F.);
#2359=ORIENTED_EDGE('',*,*,#1807,.T.);
#2360=ORIENTED_EDGE('',*,*,#1808,.T.);
#2361=ORIENTED_EDGE('',*,*,#1663,.T.);
#2362=ORIENTED_EDGE('',*,*,#1809,.T.);
#2363=ORIENTED_EDGE('',*,*,#1810,.T.);
#2364=ORIENTED_EDGE('',*,*,#1811,.T.);
#2365=ORIENTED_EDGE('',*,*,#1812,.F.);
#2366=ORIENTED_EDGE('',*,*,#1813,.T.);
#2367=ORIENTED_EDGE('',*,*,#1814,.T.);
#2368=ORIENTED_EDGE('',*,*,#1815,.T.);
#2369=ORIENTED_EDGE('',*,*,#1816,.T.);
#2370=ORIENTED_EDGE('',*,*,#1817,.T.);
#2371=ORIENTED_EDGE('',*,*,#1625,.F.);
#2372=ORIENTED_EDGE('',*,*,#1721,.T.);
#2373=ORIENTED_EDGE('',*,*,#1818,.F.);
#2374=ORIENTED_EDGE('',*,*,#1819,.F.);
#2375=ORIENTED_EDGE('',*,*,#1820,.T.);
#2376=ORIENTED_EDGE('',*,*,#1819,.T.);
#2377=ORIENTED_EDGE('',*,*,#1821,.F.);
#2378=ORIENTED_EDGE('',*,*,#1822,.F.);
#2379=ORIENTED_EDGE('',*,*,#1823,.F.);
#2380=ORIENTED_EDGE('',*,*,#1822,.T.);
#2381=ORIENTED_EDGE('',*,*,#1824,.F.);
#2382=ORIENTED_EDGE('',*,*,#1825,.F.);
#2383=ORIENTED_EDGE('',*,*,#1826,.F.);
#2384=ORIENTED_EDGE('',*,*,#1825,.T.);
#2385=ORIENTED_EDGE('',*,*,#1827,.F.);
#2386=ORIENTED_EDGE('',*,*,#1719,.F.);
#2387=ORIENTED_EDGE('',*,*,#1827,.T.);
#2388=ORIENTED_EDGE('',*,*,#1824,.T.);
#2389=ORIENTED_EDGE('',*,*,#1821,.T.);
#2390=ORIENTED_EDGE('',*,*,#1818,.T.);
#2391=ORIENTED_EDGE('',*,*,#1720,.T.);
#2392=ORIENTED_EDGE('',*,*,#1565,.F.);
#2393=ORIENTED_EDGE('',*,*,#1649,.T.);
#2394=ORIENTED_EDGE('',*,*,#1828,.T.);
#2395=ORIENTED_EDGE('',*,*,#1807,.F.);
#2396=ORIENTED_EDGE('',*,*,#1760,.F.);
#2397=ORIENTED_EDGE('',*,*,#1829,.T.);
#2398=ORIENTED_EDGE('',*,*,#1830,.T.);
#2399=ORIENTED_EDGE('',*,*,#1823,.T.);
#2400=ORIENTED_EDGE('',*,*,#1826,.T.);
#2401=ORIENTED_EDGE('',*,*,#1718,.F.);
#2402=ORIENTED_EDGE('',*,*,#1622,.T.);
#2403=ORIENTED_EDGE('',*,*,#1561,.F.);
#2404=ORIENTED_EDGE('',*,*,#1587,.F.);
#2405=ORIENTED_EDGE('',*,*,#1717,.T.);
#2406=ORIENTED_EDGE('',*,*,#1687,.F.);
#2407=ORIENTED_EDGE('',*,*,#1677,.T.);
#2408=ORIENTED_EDGE('',*,*,#1629,.T.);
#2409=ORIENTED_EDGE('',*,*,#1632,.T.);
#2410=ORIENTED_EDGE('',*,*,#1680,.T.);
#2411=ORIENTED_EDGE('',*,*,#1678,.T.);
#2412=ORIENTED_EDGE('',*,*,#1634,.T.);
#2413=ORIENTED_EDGE('',*,*,#1637,.T.);
#2414=ORIENTED_EDGE('',*,*,#1683,.T.);
#2415=ORIENTED_EDGE('',*,*,#1681,.T.);
#2416=ORIENTED_EDGE('',*,*,#1639,.T.);
#2417=ORIENTED_EDGE('',*,*,#1642,.T.);
#2418=ORIENTED_EDGE('',*,*,#1686,.T.);
#2419=ORIENTED_EDGE('',*,*,#1684,.T.);
#2420=ORIENTED_EDGE('',*,*,#1644,.T.);
#2421=ORIENTED_EDGE('',*,*,#1647,.T.);
#2422=ORIENTED_EDGE('',*,*,#1831,.T.);
#2423=ORIENTED_EDGE('',*,*,#1832,.T.);
#2424=ORIENTED_EDGE('',*,*,#1833,.T.);
#2425=ORIENTED_EDGE('',*,*,#1834,.F.);
#2426=ORIENTED_EDGE('',*,*,#1835,.F.);
#2427=ORIENTED_EDGE('',*,*,#1836,.F.);
#2428=ORIENTED_EDGE('',*,*,#1837,.F.);
#2429=ORIENTED_EDGE('',*,*,#1838,.T.);
#2430=ORIENTED_EDGE('',*,*,#1808,.F.);
#2431=ORIENTED_EDGE('',*,*,#1828,.F.);
#2432=ORIENTED_EDGE('',*,*,#1648,.F.);
#2433=ORIENTED_EDGE('',*,*,#1664,.F.);
#2434=ORIENTED_EDGE('',*,*,#1665,.F.);
#2435=ORIENTED_EDGE('',*,*,#1839,.T.);
#2436=ORIENTED_EDGE('',*,*,#1831,.F.);
#2437=ORIENTED_EDGE('',*,*,#1839,.F.);
#2438=ORIENTED_EDGE('',*,*,#1666,.F.);
#2439=ORIENTED_EDGE('',*,*,#1840,.T.);
#2440=ORIENTED_EDGE('',*,*,#1832,.F.);
#2441=ORIENTED_EDGE('',*,*,#1840,.F.);
#2442=ORIENTED_EDGE('',*,*,#1667,.F.);
#2443=ORIENTED_EDGE('',*,*,#1841,.T.);
#2444=ORIENTED_EDGE('',*,*,#1833,.F.);
#2445=ORIENTED_EDGE('',*,*,#1841,.F.);
#2446=ORIENTED_EDGE('',*,*,#1668,.F.);
#2447=ORIENTED_EDGE('',*,*,#1842,.T.);
#2448=ORIENTED_EDGE('',*,*,#1838,.F.);
#2449=ORIENTED_EDGE('',*,*,#1842,.F.);
#2450=ORIENTED_EDGE('',*,*,#1650,.T.);
#2451=ORIENTED_EDGE('',*,*,#1626,.F.);
#2452=ORIENTED_EDGE('',*,*,#1820,.F.);
#2453=ORIENTED_EDGE('',*,*,#1830,.F.);
#2454=ORIENTED_EDGE('',*,*,#1843,.F.);
#2455=ORIENTED_EDGE('',*,*,#1737,.T.);
#2456=ORIENTED_EDGE('',*,*,#1835,.T.);
#2457=ORIENTED_EDGE('',*,*,#1844,.T.);
#2458=ORIENTED_EDGE('',*,*,#1672,.F.);
#2459=ORIENTED_EDGE('',*,*,#1845,.F.);
#2460=ORIENTED_EDGE('',*,*,#1836,.T.);
#2461=ORIENTED_EDGE('',*,*,#1845,.T.);
#2462=ORIENTED_EDGE('',*,*,#1671,.F.);
#2463=ORIENTED_EDGE('',*,*,#1846,.F.);
#2464=ORIENTED_EDGE('',*,*,#1837,.T.);
#2465=ORIENTED_EDGE('',*,*,#1846,.T.);
#2466=ORIENTED_EDGE('',*,*,#1670,.F.);
#2467=ORIENTED_EDGE('',*,*,#1847,.F.);
#2468=ORIENTED_EDGE('',*,*,#1834,.T.);
#2469=ORIENTED_EDGE('',*,*,#1847,.T.);
#2470=ORIENTED_EDGE('',*,*,#1669,.F.);
#2471=ORIENTED_EDGE('',*,*,#1844,.F.);
#2472=ORIENTED_EDGE('',*,*,#1848,.F.);
#2473=ORIENTED_EDGE('',*,*,#1849,.F.);
#2474=ORIENTED_EDGE('',*,*,#1741,.T.);
#2475=ORIENTED_EDGE('',*,*,#1850,.F.);
#2476=ORIENTED_EDGE('',*,*,#1851,.F.);
#2477=ORIENTED_EDGE('',*,*,#1607,.F.);
#2478=ORIENTED_EDGE('',*,*,#1852,.F.);
#2479=ORIENTED_EDGE('',*,*,#1850,.T.);
#2480=ORIENTED_EDGE('',*,*,#1744,.T.);
#2481=ORIENTED_EDGE('',*,*,#1853,.T.);
#2482=ORIENTED_EDGE('',*,*,#1854,.T.);
#2483=ORIENTED_EDGE('',*,*,#1849,.T.);
#2484=ORIENTED_EDGE('',*,*,#1855,.F.);
#2485=ORIENTED_EDGE('',*,*,#1856,.T.);
#2486=ORIENTED_EDGE('',*,*,#1742,.F.);
#2487=ORIENTED_EDGE('',*,*,#1857,.T.);
#2488=ORIENTED_EDGE('',*,*,#1858,.T.);
#2489=ORIENTED_EDGE('',*,*,#1859,.T.);
#2490=ORIENTED_EDGE('',*,*,#1747,.T.);
#2491=ORIENTED_EDGE('',*,*,#1860,.T.);
#2492=ORIENTED_EDGE('',*,*,#1745,.F.);
#2493=ORIENTED_EDGE('',*,*,#1861,.T.);
#2494=ORIENTED_EDGE('',*,*,#1862,.F.);
#2495=ORIENTED_EDGE('',*,*,#1863,.F.);
#2496=ORIENTED_EDGE('',*,*,#1864,.F.);
#2497=ORIENTED_EDGE('',*,*,#1768,.F.);
#2498=ORIENTED_EDGE('',*,*,#1865,.F.);
#2499=ORIENTED_EDGE('',*,*,#1853,.F.);
#2500=ORIENTED_EDGE('',*,*,#1743,.T.);
#2501=ORIENTED_EDGE('',*,*,#1856,.F.);
#2502=ORIENTED_EDGE('',*,*,#1608,.F.);
#2503=ORIENTED_EDGE('',*,*,#1851,.T.);
#2504=ORIENTED_EDGE('',*,*,#1854,.F.);
#2505=ORIENTED_EDGE('',*,*,#1865,.T.);
#2506=ORIENTED_EDGE('',*,*,#1767,.F.);
#2507=ORIENTED_EDGE('',*,*,#1769,.F.);
#2508=ORIENTED_EDGE('',*,*,#1864,.T.);
#2509=ORIENTED_EDGE('',*,*,#1866,.F.);
#2510=ORIENTED_EDGE('',*,*,#1852,.T.);
#2511=ORIENTED_EDGE('',*,*,#1606,.F.);
#2512=ORIENTED_EDGE('',*,*,#1867,.F.);
#2513=ORIENTED_EDGE('',*,*,#1733,.F.);
#2514=ORIENTED_EDGE('',*,*,#1868,.F.);
#2515=ORIENTED_EDGE('',*,*,#1869,.T.);
#2516=ORIENTED_EDGE('',*,*,#1870,.F.);
#2517=ORIENTED_EDGE('',*,*,#1728,.F.);
#2518=ORIENTED_EDGE('',*,*,#1871,.F.);
#2519=ORIENTED_EDGE('',*,*,#1872,.T.);
#2520=ORIENTED_EDGE('',*,*,#1870,.T.);
#2521=ORIENTED_EDGE('',*,*,#1873,.T.);
#2522=ORIENTED_EDGE('',*,*,#1764,.F.);
#2523=ORIENTED_EDGE('',*,*,#1729,.F.);
#2524=ORIENTED_EDGE('',*,*,#1872,.F.);
#2525=ORIENTED_EDGE('',*,*,#1874,.F.);
#2526=ORIENTED_EDGE('',*,*,#1765,.F.);
#2527=ORIENTED_EDGE('',*,*,#1873,.F.);
#2528=ORIENTED_EDGE('',*,*,#1875,.F.);
#2529=ORIENTED_EDGE('',*,*,#1876,.T.);
#2530=ORIENTED_EDGE('',*,*,#1877,.T.);
#2531=ORIENTED_EDGE('',*,*,#1735,.T.);
#2532=ORIENTED_EDGE('',*,*,#1878,.F.);
#2533=ORIENTED_EDGE('',*,*,#1879,.T.);
#2534=ORIENTED_EDGE('',*,*,#1880,.T.);
#2535=ORIENTED_EDGE('',*,*,#1724,.T.);
#2536=ORIENTED_EDGE('',*,*,#1881,.F.);
#2537=ORIENTED_EDGE('',*,*,#1726,.T.);
#2538=ORIENTED_EDGE('',*,*,#1882,.T.);
#2539=ORIENTED_EDGE('',*,*,#1883,.T.);
#2540=ORIENTED_EDGE('',*,*,#1871,.T.);
#2541=ORIENTED_EDGE('',*,*,#1727,.F.);
#2542=ORIENTED_EDGE('',*,*,#1881,.T.);
#2543=ORIENTED_EDGE('',*,*,#1884,.T.);
#2544=ORIENTED_EDGE('',*,*,#1878,.T.);
#2545=ORIENTED_EDGE('',*,*,#1723,.F.);
#2546=ORIENTED_EDGE('',*,*,#1766,.F.);
#2547=ORIENTED_EDGE('',*,*,#1874,.T.);
#2548=ORIENTED_EDGE('',*,*,#1884,.F.);
#2549=ORIENTED_EDGE('',*,*,#1883,.F.);
#2550=ORIENTED_EDGE('',*,*,#1885,.T.);
#2551=ORIENTED_EDGE('',*,*,#1879,.F.);
#2552=ORIENTED_EDGE('',*,*,#1885,.F.);
#2553=ORIENTED_EDGE('',*,*,#1882,.F.);
#2554=ORIENTED_EDGE('',*,*,#1725,.F.);
#2555=ORIENTED_EDGE('',*,*,#1880,.F.);
#2556=ORIENTED_EDGE('',*,*,#1603,.F.);
#2557=ORIENTED_EDGE('',*,*,#1812,.T.);
#2558=ORIENTED_EDGE('',*,*,#1886,.T.);
#2559=ORIENTED_EDGE('',*,*,#1887,.T.);
#2560=ORIENTED_EDGE('',*,*,#1888,.T.);
#2561=ORIENTED_EDGE('',*,*,#1862,.T.);
#2562=ORIENTED_EDGE('',*,*,#1889,.T.);
#2563=ORIENTED_EDGE('',*,*,#1890,.T.);
#2564=ORIENTED_EDGE('',*,*,#1848,.T.);
#2565=ORIENTED_EDGE('',*,*,#1866,.T.);
#2566=ORIENTED_EDGE('',*,*,#1863,.T.);
#2567=ORIENTED_EDGE('',*,*,#1855,.T.);
#2568=ORIENTED_EDGE('',*,*,#1891,.F.);
#2569=ORIENTED_EDGE('',*,*,#1892,.T.);
#2570=ORIENTED_EDGE('',*,*,#1817,.F.);
#2571=ORIENTED_EDGE('',*,*,#1892,.F.);
#2572=ORIENTED_EDGE('',*,*,#1893,.F.);
#2573=ORIENTED_EDGE('',*,*,#1894,.T.);
#2574=ORIENTED_EDGE('',*,*,#1816,.F.);
#2575=ORIENTED_EDGE('',*,*,#1894,.F.);
#2576=ORIENTED_EDGE('',*,*,#1895,.F.);
#2577=ORIENTED_EDGE('',*,*,#1896,.T.);
#2578=ORIENTED_EDGE('',*,*,#1815,.F.);
#2579=ORIENTED_EDGE('',*,*,#1896,.F.);
#2580=ORIENTED_EDGE('',*,*,#1814,.F.);
#2581=ORIENTED_EDGE('',*,*,#1897,.T.);
#2582=ORIENTED_EDGE('',*,*,#1749,.F.);
#2583=ORIENTED_EDGE('',*,*,#1897,.F.);
#2584=ORIENTED_EDGE('',*,*,#1813,.F.);
#2585=ORIENTED_EDGE('',*,*,#1898,.T.);
#2586=ORIENTED_EDGE('',*,*,#1750,.F.);
#2587=ORIENTED_EDGE('',*,*,#1898,.F.);
#2588=ORIENTED_EDGE('',*,*,#1810,.F.);
#2589=ORIENTED_EDGE('',*,*,#1899,.F.);
#2590=ORIENTED_EDGE('',*,*,#1900,.F.);
#2591=ORIENTED_EDGE('',*,*,#1901,.F.);
#2592=ORIENTED_EDGE('',*,*,#1809,.F.);
#2593=ORIENTED_EDGE('',*,*,#1662,.F.);
#2594=ORIENTED_EDGE('',*,*,#1902,.F.);
#2595=ORIENTED_EDGE('',*,*,#1899,.T.);
#2596=ORIENTED_EDGE('',*,*,#1661,.F.);
#2597=ORIENTED_EDGE('',*,*,#1903,.F.);
#2598=ORIENTED_EDGE('',*,*,#1900,.T.);
#2599=ORIENTED_EDGE('',*,*,#1902,.T.);
#2600=ORIENTED_EDGE('',*,*,#1604,.T.);
#2601=ORIENTED_EDGE('',*,*,#1887,.F.);
#2602=ORIENTED_EDGE('',*,*,#1904,.T.);
#2603=ORIENTED_EDGE('',*,*,#1659,.F.);
#2604=ORIENTED_EDGE('',*,*,#1905,.T.);
#2605=ORIENTED_EDGE('',*,*,#1762,.F.);
#2606=ORIENTED_EDGE('',*,*,#1895,.T.);
#2607=ORIENTED_EDGE('',*,*,#1893,.T.);
#2608=ORIENTED_EDGE('',*,*,#1891,.T.);
#2609=ORIENTED_EDGE('',*,*,#1906,.T.);
#2610=ORIENTED_EDGE('',*,*,#1675,.F.);
#2611=ORIENTED_EDGE('',*,*,#1907,.T.);
#2612=ORIENTED_EDGE('',*,*,#1890,.F.);
#2613=ORIENTED_EDGE('',*,*,#1908,.F.);
#2614=ORIENTED_EDGE('',*,*,#1676,.T.);
#2615=ORIENTED_EDGE('',*,*,#1906,.F.);
#2616=ORIENTED_EDGE('',*,*,#1889,.F.);
#2617=ORIENTED_EDGE('',*,*,#1861,.F.);
#2618=ORIENTED_EDGE('',*,*,#1748,.T.);
#2619=ORIENTED_EDGE('',*,*,#1859,.F.);
#2620=ORIENTED_EDGE('',*,*,#1903,.T.);
#2621=ORIENTED_EDGE('',*,*,#1660,.F.);
#2622=ORIENTED_EDGE('',*,*,#1904,.F.);
#2623=ORIENTED_EDGE('',*,*,#1886,.F.);
#2624=ORIENTED_EDGE('',*,*,#1811,.F.);
#2625=ORIENTED_EDGE('',*,*,#1901,.T.);
#2626=ORIENTED_EDGE('',*,*,#1905,.F.);
#2627=ORIENTED_EDGE('',*,*,#1658,.T.);
#2628=ORIENTED_EDGE('',*,*,#1731,.F.);
#2629=ORIENTED_EDGE('',*,*,#1763,.F.);
#2630=ORIENTED_EDGE('',*,*,#1909,.F.);
#2631=ORIENTED_EDGE('',*,*,#1655,.F.);
#2632=ORIENTED_EDGE('',*,*,#1910,.F.);
#2633=ORIENTED_EDGE('',*,*,#1869,.F.);
#2634=ORIENTED_EDGE('',*,*,#1911,.F.);
#2635=ORIENTED_EDGE('',*,*,#1652,.T.);
#2636=ORIENTED_EDGE('',*,*,#1736,.T.);
#2637=ORIENTED_EDGE('',*,*,#1877,.F.);
#2638=ORIENTED_EDGE('',*,*,#1912,.F.);
#2639=ORIENTED_EDGE('',*,*,#1653,.T.);
#2640=ORIENTED_EDGE('',*,*,#1911,.T.);
#2641=ORIENTED_EDGE('',*,*,#1876,.F.);
#2642=ORIENTED_EDGE('',*,*,#1910,.T.);
#2643=ORIENTED_EDGE('',*,*,#1654,.F.);
#2644=ORIENTED_EDGE('',*,*,#1912,.T.);
#2645=ORIENTED_EDGE('',*,*,#1875,.T.);
#2646=ORIENTED_EDGE('',*,*,#1734,.F.);
#2647=ORIENTED_EDGE('',*,*,#1867,.T.);
#2648=ORIENTED_EDGE('',*,*,#1732,.F.);
#2649=ORIENTED_EDGE('',*,*,#1656,.F.);
#2650=ORIENTED_EDGE('',*,*,#1909,.T.);
#2651=ORIENTED_EDGE('',*,*,#1868,.T.);
#2652=ORIENTED_EDGE('',*,*,#1913,.T.);
#2653=ORIENTED_EDGE('',*,*,#1673,.F.);
#2654=ORIENTED_EDGE('',*,*,#1908,.T.);
#2655=ORIENTED_EDGE('',*,*,#1858,.F.);
#2656=ORIENTED_EDGE('',*,*,#1907,.F.);
#2657=ORIENTED_EDGE('',*,*,#1674,.T.);
#2658=ORIENTED_EDGE('',*,*,#1913,.F.);
#2659=ORIENTED_EDGE('',*,*,#1857,.F.);
#2660=ORIENTED_EDGE('',*,*,#1746,.T.);
#2661=ORIENTED_EDGE('',*,*,#1860,.F.);
#2662=ORIENTED_EDGE('',*,*,#1888,.F.);
#2663=ORIENTED_EDGE('',*,*,#1914,.F.);
#2664=ORIENTED_EDGE('',*,*,#1829,.F.);
#2665=ORIENTED_EDGE('',*,*,#1759,.F.);
#2666=ORIENTED_EDGE('',*,*,#1787,.F.);
#2667=ORIENTED_EDGE('',*,*,#1752,.F.);
#2668=ORIENTED_EDGE('',*,*,#1751,.T.);
#2669=ORIENTED_EDGE('',*,*,#1738,.T.);
#2670=ORIENTED_EDGE('',*,*,#1843,.T.);
#2671=ORIENTED_EDGE('',*,*,#1914,.T.);
#2672=ORIENTED_EDGE('',*,*,#1792,.T.);
#2673=ORIENTED_EDGE('',*,*,#1915,.T.);
#2674=ORIENTED_EDGE('',*,*,#1537,.T.);
#2675=ORIENTED_EDGE('',*,*,#1522,.F.);
#2676=ORIENTED_EDGE('',*,*,#1706,.T.);
#2677=ORIENTED_EDGE('',*,*,#1704,.T.);
#2678=ORIENTED_EDGE('',*,*,#1702,.T.);
#2679=ORIENTED_EDGE('',*,*,#1712,.T.);
#2680=ORIENTED_EDGE('',*,*,#1710,.T.);
#2681=ORIENTED_EDGE('',*,*,#1708,.T.);
#2682=ORIENTED_EDGE('',*,*,#1696,.T.);
#2683=ORIENTED_EDGE('',*,*,#1539,.F.);
#2684=ORIENTED_EDGE('',*,*,#1916,.T.);
#2685=ORIENTED_EDGE('',*,*,#1790,.F.);
#2686=ORIENTED_EDGE('',*,*,#1805,.T.);
#2687=ORIENTED_EDGE('',*,*,#1548,.F.);
#2688=ORIENTED_EDGE('',*,*,#1917,.T.);
#2689=ORIENTED_EDGE('',*,*,#1801,.F.);
#2690=ORIENTED_EDGE('',*,*,#1918,.F.);
#2691=ORIENTED_EDGE('',*,*,#1547,.F.);
#2692=ORIENTED_EDGE('',*,*,#1919,.T.);
#2693=ORIENTED_EDGE('',*,*,#1802,.F.);
#2694=ORIENTED_EDGE('',*,*,#1917,.F.);
#2695=ORIENTED_EDGE('',*,*,#1552,.F.);
#2696=ORIENTED_EDGE('',*,*,#1920,.T.);
#2697=ORIENTED_EDGE('',*,*,#1797,.F.);
#2698=ORIENTED_EDGE('',*,*,#1921,.F.);
#2699=ORIENTED_EDGE('',*,*,#1551,.F.);
#2700=ORIENTED_EDGE('',*,*,#1922,.T.);
#2701=ORIENTED_EDGE('',*,*,#1798,.F.);
#2702=ORIENTED_EDGE('',*,*,#1920,.F.);
#2703=ORIENTED_EDGE('',*,*,#1555,.F.);
#2704=ORIENTED_EDGE('',*,*,#1923,.T.);
#2705=ORIENTED_EDGE('',*,*,#1794,.F.);
#2706=ORIENTED_EDGE('',*,*,#1924,.F.);
#2707=ORIENTED_EDGE('',*,*,#1538,.F.);
#2708=ORIENTED_EDGE('',*,*,#1915,.F.);
#2709=ORIENTED_EDGE('',*,*,#1791,.F.);
#2710=ORIENTED_EDGE('',*,*,#1916,.F.);
#2711=ORIENTED_EDGE('',*,*,#1595,.T.);
#2712=ORIENTED_EDGE('',*,*,#1601,.F.);
#2713=ORIENTED_EDGE('',*,*,#1793,.T.);
#2714=ORIENTED_EDGE('',*,*,#1535,.T.);
#2715=ORIENTED_EDGE('',*,*,#1589,.T.);
#2716=ORIENTED_EDGE('',*,*,#1545,.F.);
#2717=ORIENTED_EDGE('',*,*,#1918,.T.);
#2718=ORIENTED_EDGE('',*,*,#1804,.F.);
#2719=ORIENTED_EDGE('',*,*,#1925,.F.);
#2720=ORIENTED_EDGE('',*,*,#1546,.F.);
#2721=ORIENTED_EDGE('',*,*,#1925,.T.);
#2722=ORIENTED_EDGE('',*,*,#1803,.F.);
#2723=ORIENTED_EDGE('',*,*,#1919,.F.);
#2724=ORIENTED_EDGE('',*,*,#1549,.F.);
#2725=ORIENTED_EDGE('',*,*,#1921,.T.);
#2726=ORIENTED_EDGE('',*,*,#1800,.F.);
#2727=ORIENTED_EDGE('',*,*,#1926,.F.);
#2728=ORIENTED_EDGE('',*,*,#1550,.F.);
#2729=ORIENTED_EDGE('',*,*,#1926,.T.);
#2730=ORIENTED_EDGE('',*,*,#1799,.F.);
#2731=ORIENTED_EDGE('',*,*,#1922,.F.);
#2732=ORIENTED_EDGE('',*,*,#1553,.F.);
#2733=ORIENTED_EDGE('',*,*,#1924,.T.);
#2734=ORIENTED_EDGE('',*,*,#1796,.F.);
#2735=ORIENTED_EDGE('',*,*,#1927,.F.);
#2736=ORIENTED_EDGE('',*,*,#1554,.F.);
#2737=ORIENTED_EDGE('',*,*,#1927,.T.);
#2738=ORIENTED_EDGE('',*,*,#1795,.F.);
#2739=ORIENTED_EDGE('',*,*,#1923,.F.);
#2740=CYLINDRICAL_SURFACE('',#2921,9.849);
#2741=CYLINDRICAL_SURFACE('',#2929,9.849);
#2742=CYLINDRICAL_SURFACE('',#2977,2.);
#2743=CYLINDRICAL_SURFACE('',#2981,2.);
#2744=CYLINDRICAL_SURFACE('',#2982,7.16499566985377);
#2745=CYLINDRICAL_SURFACE('',#2988,6.15674570865131);
#2746=CYLINDRICAL_SURFACE('',#2990,6.21886488434002);
#2747=CYLINDRICAL_SURFACE('',#2991,6.31544427828519);
#2748=CYLINDRICAL_SURFACE('',#3006,2.);
#2749=CYLINDRICAL_SURFACE('',#3008,2.);
#2750=CYLINDRICAL_SURFACE('',#3010,2.);
#2751=CYLINDRICAL_SURFACE('',#3012,2.);
#2752=CYLINDRICAL_SURFACE('',#3014,12.067);
#2753=CYLINDRICAL_SURFACE('',#3037,2.);
#2754=CYLINDRICAL_SURFACE('',#3038,2.);
#2755=CYLINDRICAL_SURFACE('',#3039,2.);
#2756=CYLINDRICAL_SURFACE('',#3040,2.);
#2757=CYLINDRICAL_SURFACE('',#3041,12.067);
#2758=CYLINDRICAL_SURFACE('',#3056,6.);
#2759=CYLINDRICAL_SURFACE('',#3059,6.);
#2760=CYLINDRICAL_SURFACE('',#3071,4.992);
#2761=CYLINDRICAL_SURFACE('',#3074,4.992);
#2762=CYLINDRICAL_SURFACE('',#3075,1.74999999999999);
#2763=CYLINDRICAL_SURFACE('',#3077,1.74999999999999);
#2764=CYLINDRICAL_SURFACE('',#3079,1.74999999999999);
#2765=CYLINDRICAL_SURFACE('',#3081,2.);
#2766=CYLINDRICAL_SURFACE('',#3082,2.);
#2767=ADVANCED_FACE('',(#192),#2740,.T.);
#2768=ADVANCED_FACE('',(#193,#35),#86,.F.);
#2769=ADVANCED_FACE('',(#194,#36,#37,#38),#87,.T.);
#2770=ADVANCED_FACE('',(#195),#2741,.T.);
#2771=ADVANCED_FACE('',(#196,#39,#40,#41,#42),#88,.T.);
#2772=ADVANCED_FACE('',(#197,#43),#89,.F.);
#2773=ADVANCED_FACE('',(#198),#90,.T.);
#2774=ADVANCED_FACE('',(#199),#23,.T.);
#2775=ADVANCED_FACE('',(#200),#91,.F.);
#2776=ADVANCED_FACE('',(#201),#92,.T.);
#2777=ADVANCED_FACE('',(#202),#21,.F.);
#2778=ADVANCED_FACE('',(#203,#44,#45,#46,#47,#48),#93,.T.);
#2779=ADVANCED_FACE('',(#204),#94,.T.);
#2780=ADVANCED_FACE('',(#205),#22,.F.);
#2781=ADVANCED_FACE('',(#206),#95,.T.);
#2782=ADVANCED_FACE('',(#207),#96,.T.);
#2783=ADVANCED_FACE('',(#208),#97,.T.);
#2784=ADVANCED_FACE('',(#209),#98,.T.);
#2785=ADVANCED_FACE('',(#210),#99,.T.);
#2786=ADVANCED_FACE('',(#211),#100,.T.);
#2787=ADVANCED_FACE('',(#212),#101,.T.);
#2788=ADVANCED_FACE('',(#213),#102,.T.);
#2789=ADVANCED_FACE('',(#214),#103,.T.);
#2790=ADVANCED_FACE('',(#215,#49,#50,#51,#52,#53,#54),#104,.T.);
#2791=ADVANCED_FACE('',(#216),#105,.T.);
#2792=ADVANCED_FACE('',(#217),#106,.T.);
#2793=ADVANCED_FACE('',(#218),#107,.T.);
#2794=ADVANCED_FACE('',(#219),#108,.T.);
#2795=ADVANCED_FACE('',(#220),#109,.T.);
#2796=ADVANCED_FACE('',(#221),#110,.T.);
#2797=ADVANCED_FACE('',(#222),#111,.T.);
#2798=ADVANCED_FACE('',(#223,#55),#112,.T.);
#2799=ADVANCED_FACE('',(#224),#19,.F.);
#2800=ADVANCED_FACE('',(#225),#2742,.F.);
#2801=ADVANCED_FACE('',(#226),#20,.F.);
#2802=ADVANCED_FACE('',(#227),#2743,.F.);
#2803=ADVANCED_FACE('',(#228),#2744,.F.);
#2804=ADVANCED_FACE('',(#229),#113,.T.);
#2805=ADVANCED_FACE('',(#230),#114,.T.);
#2806=ADVANCED_FACE('',(#231),#115,.T.);
#2807=ADVANCED_FACE('',(#232),#116,.T.);
#2808=ADVANCED_FACE('',(#233),#2745,.F.);
#2809=ADVANCED_FACE('',(#234),#2746,.F.);
#2810=ADVANCED_FACE('',(#235),#2747,.F.);
#2811=ADVANCED_FACE('',(#236),#117,.T.);
#2812=ADVANCED_FACE('',(#237),#118,.T.);
#2813=ADVANCED_FACE('',(#238),#119,.T.);
#2814=ADVANCED_FACE('',(#239),#120,.T.);
#2815=ADVANCED_FACE('',(#240,#56,#57,#58,#59),#121,.T.);
#2816=ADVANCED_FACE('',(#241),#122,.T.);
#2817=ADVANCED_FACE('',(#242),#123,.F.);
#2818=ADVANCED_FACE('',(#243),#124,.T.);
#2819=ADVANCED_FACE('',(#244),#125,.T.);
#2820=ADVANCED_FACE('',(#245),#2748,.F.);
#2821=ADVANCED_FACE('',(#246),#2749,.F.);
#2822=ADVANCED_FACE('',(#247),#2750,.F.);
#2823=ADVANCED_FACE('',(#248),#2751,.F.);
#2824=ADVANCED_FACE('',(#249),#2752,.T.);
#2825=ADVANCED_FACE('',(#250),#126,.T.);
#2826=ADVANCED_FACE('',(#251),#127,.T.);
#2827=ADVANCED_FACE('',(#252),#128,.T.);
#2828=ADVANCED_FACE('',(#253),#129,.T.);
#2829=ADVANCED_FACE('',(#254,#60,#61,#62,#63,#64,#65,#66,#67),#130,.T.);
#2830=ADVANCED_FACE('',(#255),#131,.T.);
#2831=ADVANCED_FACE('',(#256,#68,#69,#70,#71,#72),#132,.T.);
#2832=ADVANCED_FACE('',(#257),#24,.T.);
#2833=ADVANCED_FACE('',(#258),#133,.T.);
#2834=ADVANCED_FACE('',(#259),#134,.T.);
#2835=ADVANCED_FACE('',(#260),#135,.T.);
#2836=ADVANCED_FACE('',(#261),#136,.T.);
#2837=ADVANCED_FACE('',(#262,#73,#74,#75,#76,#77,#78,#79,#80,#81),#137,
 .F.);
#2838=ADVANCED_FACE('',(#263),#138,.T.);
#2839=ADVANCED_FACE('',(#264),#2753,.F.);
#2840=ADVANCED_FACE('',(#265),#2754,.F.);
#2841=ADVANCED_FACE('',(#266),#2755,.F.);
#2842=ADVANCED_FACE('',(#267),#2756,.F.);
#2843=ADVANCED_FACE('',(#268),#2757,.T.);
#2844=ADVANCED_FACE('',(#269),#139,.T.);
#2845=ADVANCED_FACE('',(#270),#140,.T.);
#2846=ADVANCED_FACE('',(#271),#141,.T.);
#2847=ADVANCED_FACE('',(#272),#142,.T.);
#2848=ADVANCED_FACE('',(#273),#143,.F.);
#2849=ADVANCED_FACE('',(#274),#144,.T.);
#2850=ADVANCED_FACE('',(#275),#145,.F.);
#2851=ADVANCED_FACE('',(#276),#146,.T.);
#2852=ADVANCED_FACE('',(#277),#147,.F.);
#2853=ADVANCED_FACE('',(#278),#148,.F.);
#2854=ADVANCED_FACE('',(#279),#149,.T.);
#2855=ADVANCED_FACE('',(#280),#150,.F.);
#2856=ADVANCED_FACE('',(#281),#2758,.F.);
#2857=ADVANCED_FACE('',(#282),#2759,.F.);
#2858=ADVANCED_FACE('',(#283),#151,.F.);
#2859=ADVANCED_FACE('',(#284),#152,.F.);
#2860=ADVANCED_FACE('',(#285),#153,.T.);
#2861=ADVANCED_FACE('',(#286),#154,.T.);
#2862=ADVANCED_FACE('',(#287),#155,.T.);
#2863=ADVANCED_FACE('',(#288),#156,.F.);
#2864=ADVANCED_FACE('',(#289),#157,.T.);
#2865=ADVANCED_FACE('',(#290),#158,.T.);
#2866=ADVANCED_FACE('',(#291),#159,.T.);
#2867=ADVANCED_FACE('',(#292),#2760,.F.);
#2868=ADVANCED_FACE('',(#293),#2761,.F.);
#2869=ADVANCED_FACE('',(#294),#2762,.F.);
#2870=ADVANCED_FACE('',(#295),#2763,.F.);
#2871=ADVANCED_FACE('',(#296),#2764,.F.);
#2872=ADVANCED_FACE('',(#297),#2765,.F.);
#2873=ADVANCED_FACE('',(#298),#2766,.F.);
#2874=ADVANCED_FACE('',(#299),#160,.F.);
#2875=ADVANCED_FACE('',(#300),#161,.F.);
#2876=ADVANCED_FACE('',(#301),#162,.F.);
#2877=ADVANCED_FACE('',(#302,#82,#83,#84),#163,.F.);
#2878=ADVANCED_FACE('',(#303),#164,.F.);
#2879=ADVANCED_FACE('',(#304),#165,.F.);
#2880=ADVANCED_FACE('',(#305),#166,.T.);
#2881=ADVANCED_FACE('',(#306),#167,.T.);
#2882=ADVANCED_FACE('',(#307),#168,.F.);
#2883=ADVANCED_FACE('',(#308),#169,.T.);
#2884=ADVANCED_FACE('',(#309),#170,.T.);
#2885=ADVANCED_FACE('',(#310),#171,.F.);
#2886=ADVANCED_FACE('',(#311),#172,.F.);
#2887=ADVANCED_FACE('',(#312),#173,.T.);
#2888=ADVANCED_FACE('',(#313),#174,.F.);
#2889=ADVANCED_FACE('',(#314),#175,.T.);
#2890=ADVANCED_FACE('',(#315),#176,.T.);
#2891=ADVANCED_FACE('',(#316,#85),#177,.T.);
#2892=ADVANCED_FACE('',(#317),#178,.T.);
#2893=ADVANCED_FACE('',(#318),#179,.T.);
#2894=ADVANCED_FACE('',(#319),#180,.T.);
#2895=ADVANCED_FACE('',(#320),#181,.T.);
#2896=ADVANCED_FACE('',(#321),#182,.T.);
#2897=ADVANCED_FACE('',(#322),#183,.T.);
#2898=ADVANCED_FACE('',(#323),#184,.T.);
#2899=ADVANCED_FACE('',(#324),#185,.T.);
#2900=ADVANCED_FACE('',(#325),#186,.T.);
#2901=ADVANCED_FACE('',(#326),#187,.T.);
#2902=ADVANCED_FACE('',(#327),#188,.T.);
#2903=ADVANCED_FACE('',(#328),#189,.T.);
#2904=ADVANCED_FACE('',(#329),#190,.T.);
#2905=ADVANCED_FACE('',(#330),#191,.T.);
#2906=CLOSED_SHELL('',(#2767,#2768,#2769,#2770,#2771,#2772,#2773,#2774,
#2775,#2776,#2777,#2778,#2779,#2780,#2781,#2782,#2783,#2784,#2785,#2786,
#2787,#2788,#2789,#2790,#2791,#2792,#2793,#2794,#2795,#2796,#2797,#2798,
#2799,#2800,#2801,#2802,#2803,#2804,#2805,#2806,#2807,#2808,#2809,#2810,
#2811,#2812,#2813,#2814,#2815,#2816,#2817,#2818,#2819,#2820,#2821,#2822,
#2823,#2824,#2825,#2826,#2827,#2828,#2829,#2830,#2831,#2832,#2833,#2834,
#2835,#2836,#2837,#2838,#2839,#2840,#2841,#2842,#2843,#2844,#2845,#2846,
#2847,#2848,#2849,#2850,#2851,#2852,#2853,#2854,#2855,#2856,#2857,#2858,
#2859,#2860,#2861,#2862,#2863,#2864,#2865,#2866,#2867,#2868,#2869,#2870,
#2871,#2872,#2873,#2874,#2875,#2876,#2877,#2878,#2879,#2880,#2881,#2882,
#2883,#2884,#2885,#2886,#2887,#2888,#2889,#2890,#2891,#2892,#2893,#2894,
#2895,#2896,#2897,#2898,#2899,#2900,#2901,#2902,#2903,#2904,#2905));
#2907=DERIVED_UNIT_ELEMENT(#2909,1.);
#2908=DERIVED_UNIT_ELEMENT(#4849,-3.);
#2909=(
MASS_UNIT()
NAMED_UNIT(*)
SI_UNIT(.KILO.,.GRAM.)
);
#2910=DERIVED_UNIT((#2907,#2908));
#2911=MEASURE_REPRESENTATION_ITEM('density measure',
POSITIVE_RATIO_MEASURE(7850.),#2910);
#2912=PROPERTY_DEFINITION_REPRESENTATION(#2917,#2914);
#2913=PROPERTY_DEFINITION_REPRESENTATION(#2918,#2915);
#2914=REPRESENTATION('material name',(#2916),#4846);
#2915=REPRESENTATION('density',(#2911),#4846);
#2916=DESCRIPTIVE_REPRESENTATION_ITEM('Steel','Steel');
#2917=PROPERTY_DEFINITION('material property','material name',#4861);
#2918=PROPERTY_DEFINITION('material property','density of part',#4861);
#2919=AXIS2_PLACEMENT_3D('',#3847,#3116,#3117);
#2920=AXIS2_PLACEMENT_3D('',#3848,#3118,#3119);
#2921=AXIS2_PLACEMENT_3D('',#3849,#3120,#3121);
#2922=AXIS2_PLACEMENT_3D('',#3852,#3122,#3123);
#2923=AXIS2_PLACEMENT_3D('',#3856,#3125,#3126);
#2924=AXIS2_PLACEMENT_3D('',#3858,#3128,#3129);
#2925=AXIS2_PLACEMENT_3D('',#3865,#3132,#3133);
#2926=AXIS2_PLACEMENT_3D('',#3867,#3134,#3135);
#2927=AXIS2_PLACEMENT_3D('',#3879,#3142,#3143);
#2928=AXIS2_PLACEMENT_3D('',#3880,#3144,#3145);
#2929=AXIS2_PLACEMENT_3D('',#3924,#3164,#3165);
#2930=AXIS2_PLACEMENT_3D('',#3927,#3166,#3167);
#2931=AXIS2_PLACEMENT_3D('',#3931,#3169,#3170);
#2932=AXIS2_PLACEMENT_3D('',#3933,#3172,#3173);
#2933=AXIS2_PLACEMENT_3D('',#3977,#3196,#3197);
#2934=AXIS2_PLACEMENT_3D('',#3981,#3199,#3200);
#2935=AXIS2_PLACEMENT_3D('',#3983,#3201,#3202);
#2936=AXIS2_PLACEMENT_3D('',#3990,#3206,#3207);
#2937=AXIS2_PLACEMENT_3D('',#3991,#3208,#3209);
#2938=AXIS2_PLACEMENT_3D('',#4014,#3213,#3214);
#2939=AXIS2_PLACEMENT_3D('',#4016,#3216,#3217);
#2940=AXIS2_PLACEMENT_3D('',#4056,#3220,#3221);
#2941=AXIS2_PLACEMENT_3D('',#4076,#3222,#3223);
#2942=AXIS2_PLACEMENT_3D('',#4077,#3224,#3225);
#2943=AXIS2_PLACEMENT_3D('',#4106,#3240,#3241);
#2944=AXIS2_PLACEMENT_3D('',#4108,#3242,#3243);
#2945=AXIS2_PLACEMENT_3D('',#4110,#3244,#3245);
#2946=AXIS2_PLACEMENT_3D('',#4112,#3246,#3247);
#2947=AXIS2_PLACEMENT_3D('',#4113,#3248,#3249);
#2948=AXIS2_PLACEMENT_3D('',#4136,#3253,#3254);
#2949=AXIS2_PLACEMENT_3D('',#4164,#3255,#3256);
#2950=AXIS2_PLACEMENT_3D('',#4183,#3257,#3258);
#2951=AXIS2_PLACEMENT_3D('',#4189,#3262,#3263);
#2952=AXIS2_PLACEMENT_3D('',#4193,#3266,#3267);
#2953=AXIS2_PLACEMENT_3D('',#4199,#3271,#3272);
#2954=AXIS2_PLACEMENT_3D('',#4203,#3275,#3276);
#2955=AXIS2_PLACEMENT_3D('',#4209,#3280,#3281);
#2956=AXIS2_PLACEMENT_3D('',#4213,#3284,#3285);
#2957=AXIS2_PLACEMENT_3D('',#4219,#3289,#3290);
#2958=AXIS2_PLACEMENT_3D('',#4223,#3293,#3294);
#2959=AXIS2_PLACEMENT_3D('',#4227,#3297,#3298);
#2960=AXIS2_PLACEMENT_3D('',#4258,#3314,#3315);
#2961=AXIS2_PLACEMENT_3D('',#4260,#3316,#3317);
#2962=AXIS2_PLACEMENT_3D('',#4262,#3318,#3319);
#2963=AXIS2_PLACEMENT_3D('',#4264,#3320,#3321);
#2964=AXIS2_PLACEMENT_3D('',#4281,#3330,#3331);
#2965=AXIS2_PLACEMENT_3D('',#4283,#3333,#3334);
#2966=AXIS2_PLACEMENT_3D('',#4287,#3337,#3338);
#2967=AXIS2_PLACEMENT_3D('',#4289,#3340,#3341);
#2968=AXIS2_PLACEMENT_3D('',#4293,#3344,#3345);
#2969=AXIS2_PLACEMENT_3D('',#4295,#3347,#3348);
#2970=AXIS2_PLACEMENT_3D('',#4299,#3351,#3352);
#2971=AXIS2_PLACEMENT_3D('',#4301,#3354,#3355);
#2972=AXIS2_PLACEMENT_3D('',#4309,#3359,#3360);
#2973=AXIS2_PLACEMENT_3D('',#4311,#3361,#3362);
#2974=AXIS2_PLACEMENT_3D('',#4314,#3364,#3365);
#2975=AXIS2_PLACEMENT_3D('',#4315,#3366,#3367);
#2976=AXIS2_PLACEMENT_3D('',#4318,#3369,#3370);
#2977=AXIS2_PLACEMENT_3D('',#4319,#3371,#3372);
#2978=AXIS2_PLACEMENT_3D('',#4321,#3373,#3374);
#2979=AXIS2_PLACEMENT_3D('',#4323,#3376,#3377);
#2980=AXIS2_PLACEMENT_3D('',#4326,#3379,#3380);
#2981=AXIS2_PLACEMENT_3D('',#4327,#3381,#3382);
#2982=AXIS2_PLACEMENT_3D('',#4329,#3384,#3385);
#2983=AXIS2_PLACEMENT_3D('',#4333,#3387,#3388);
#2984=AXIS2_PLACEMENT_3D('',#4335,#3390,#3391);
#2985=AXIS2_PLACEMENT_3D('',#4339,#3394,#3395);
#2986=AXIS2_PLACEMENT_3D('',#4341,#3397,#3398);
#2987=AXIS2_PLACEMENT_3D('',#4347,#3402,#3403);
#2988=AXIS2_PLACEMENT_3D('',#4351,#3406,#3407);
#2989=AXIS2_PLACEMENT_3D('',#4352,#3408,#3409);
#2990=AXIS2_PLACEMENT_3D('',#4353,#3410,#3411);
#2991=AXIS2_PLACEMENT_3D('',#4356,#3414,#3415);
#2992=AXIS2_PLACEMENT_3D('',#4358,#3417,#3418);
#2993=AXIS2_PLACEMENT_3D('',#4360,#3420,#3421);
#2994=AXIS2_PLACEMENT_3D('',#4362,#3423,#3424);
#2995=AXIS2_PLACEMENT_3D('',#4363,#3425,#3426);
#2996=AXIS2_PLACEMENT_3D('',#4371,#3431,#3432);
#2997=AXIS2_PLACEMENT_3D('',#4401,#3448,#3449);
#2998=AXIS2_PLACEMENT_3D('',#4406,#3452,#3453);
#2999=AXIS2_PLACEMENT_3D('',#4424,#3462,#3463);
#3000=AXIS2_PLACEMENT_3D('',#4426,#3464,#3465);
#3001=AXIS2_PLACEMENT_3D('',#4427,#3466,#3467);
#3002=AXIS2_PLACEMENT_3D('',#4437,#3473,#3474);
#3003=AXIS2_PLACEMENT_3D('',#4440,#3476,#3477);
#3004=AXIS2_PLACEMENT_3D('',#4441,#3478,#3479);
#3005=AXIS2_PLACEMENT_3D('',#4450,#3484,#3485);
#3006=AXIS2_PLACEMENT_3D('',#4464,#3494,#3495);
#3007=AXIS2_PLACEMENT_3D('',#4466,#3496,#3497);
#3008=AXIS2_PLACEMENT_3D('',#4468,#3499,#3500);
#3009=AXIS2_PLACEMENT_3D('',#4470,#3501,#3502);
#3010=AXIS2_PLACEMENT_3D('',#4472,#3504,#3505);
#3011=AXIS2_PLACEMENT_3D('',#4474,#3506,#3507);
#3012=AXIS2_PLACEMENT_3D('',#4476,#3509,#3510);
#3013=AXIS2_PLACEMENT_3D('',#4478,#3511,#3512);
#3014=AXIS2_PLACEMENT_3D('',#4480,#3514,#3515);
#3015=AXIS2_PLACEMENT_3D('',#4482,#3517,#3518);
#3016=AXIS2_PLACEMENT_3D('',#4488,#3522,#3523);
#3017=AXIS2_PLACEMENT_3D('',#4492,#3526,#3527);
#3018=AXIS2_PLACEMENT_3D('',#4496,#3530,#3531);
#3019=AXIS2_PLACEMENT_3D('',#4498,#3533,#3534);
#3020=AXIS2_PLACEMENT_3D('',#4532,#3553,#3554);
#3021=AXIS2_PLACEMENT_3D('',#4535,#3557,#3558);
#3022=AXIS2_PLACEMENT_3D('',#4547,#3565,#3566);
#3023=AXIS2_PLACEMENT_3D('',#4549,#3567,#3568);
#3024=AXIS2_PLACEMENT_3D('',#4551,#3569,#3570);
#3025=AXIS2_PLACEMENT_3D('',#4553,#3571,#3572);
#3026=AXIS2_PLACEMENT_3D('',#4555,#3573,#3574);
#3027=AXIS2_PLACEMENT_3D('',#4619,#3576,#3577);
#3028=AXIS2_PLACEMENT_3D('',#4625,#3581,#3582);
#3029=AXIS2_PLACEMENT_3D('',#4631,#3586,#3587);
#3030=AXIS2_PLACEMENT_3D('',#4634,#3590,#3591);
#3031=AXIS2_PLACEMENT_3D('',#4635,#3592,#3593);
#3032=AXIS2_PLACEMENT_3D('',#4641,#3597,#3598);
#3033=AXIS2_PLACEMENT_3D('',#4643,#3599,#3600);
#3034=AXIS2_PLACEMENT_3D('',#4645,#3601,#3602);
#3035=AXIS2_PLACEMENT_3D('',#4655,#3607,#3608);
#3036=AXIS2_PLACEMENT_3D('',#4656,#3609,#3610);
#3037=AXIS2_PLACEMENT_3D('',#4657,#3611,#3612);
#3038=AXIS2_PLACEMENT_3D('',#4659,#3614,#3615);
#3039=AXIS2_PLACEMENT_3D('',#4661,#3617,#3618);
#3040=AXIS2_PLACEMENT_3D('',#4663,#3620,#3621);
#3041=AXIS2_PLACEMENT_3D('',#4665,#3623,#3624);
#3042=AXIS2_PLACEMENT_3D('',#4667,#3626,#3627);
#3043=AXIS2_PLACEMENT_3D('',#4670,#3630,#3631);
#3044=AXIS2_PLACEMENT_3D('',#4672,#3633,#3634);
#3045=AXIS2_PLACEMENT_3D('',#4674,#3636,#3637);
#3046=AXIS2_PLACEMENT_3D('',#4675,#3638,#3639);
#3047=AXIS2_PLACEMENT_3D('',#4678,#3640,#3641);
#3048=AXIS2_PLACEMENT_3D('',#4684,#3646,#3647);
#3049=AXIS2_PLACEMENT_3D('',#4688,#3650,#3651);
#3050=AXIS2_PLACEMENT_3D('',#4692,#3654,#3655);
#3051=AXIS2_PLACEMENT_3D('',#4698,#3659,#3660);
#3052=AXIS2_PLACEMENT_3D('',#4704,#3664,#3665);
#3053=AXIS2_PLACEMENT_3D('',#4706,#3666,#3667);
#3054=AXIS2_PLACEMENT_3D('',#4709,#3670,#3671);
#3055=AXIS2_PLACEMENT_3D('',#4710,#3672,#3673);
#3056=AXIS2_PLACEMENT_3D('',#4712,#3675,#3676);
#3057=AXIS2_PLACEMENT_3D('',#4714,#3677,#3678);
#3058=AXIS2_PLACEMENT_3D('',#4716,#3679,#3680);
#3059=AXIS2_PLACEMENT_3D('',#4718,#3682,#3683);
#3060=AXIS2_PLACEMENT_3D('',#4720,#3684,#3685);
#3061=AXIS2_PLACEMENT_3D('',#4722,#3686,#3687);
#3062=AXIS2_PLACEMENT_3D('',#4724,#3689,#3690);
#3063=AXIS2_PLACEMENT_3D('',#4726,#3692,#3693);
#3064=AXIS2_PLACEMENT_3D('',#4728,#3695,#3696);
#3065=AXIS2_PLACEMENT_3D('',#4734,#3700,#3701);
#3066=AXIS2_PLACEMENT_3D('',#4740,#3705,#3706);
#3067=AXIS2_PLACEMENT_3D('',#4746,#3710,#3711);
#3068=AXIS2_PLACEMENT_3D('',#4748,#3713,#3714);
#3069=AXIS2_PLACEMENT_3D('',#4750,#3716,#3717);
#3070=AXIS2_PLACEMENT_3D('',#4751,#3718,#3719);
#3071=AXIS2_PLACEMENT_3D('',#4755,#3722,#3723);
#3072=AXIS2_PLACEMENT_3D('',#4757,#3724,#3725);
#3073=AXIS2_PLACEMENT_3D('',#4759,#3726,#3727);
#3074=AXIS2_PLACEMENT_3D('',#4761,#3729,#3730);
#3075=AXIS2_PLACEMENT_3D('',#4762,#3731,#3732);
#3076=AXIS2_PLACEMENT_3D('',#4764,#3733,#3734);
#3077=AXIS2_PLACEMENT_3D('',#4766,#3736,#3737);
#3078=AXIS2_PLACEMENT_3D('',#4768,#3738,#3739);
#3079=AXIS2_PLACEMENT_3D('',#4770,#3741,#3742);
#3080=AXIS2_PLACEMENT_3D('',#4772,#3743,#3744);
#3081=AXIS2_PLACEMENT_3D('',#4774,#3746,#3747);
#3082=AXIS2_PLACEMENT_3D('',#4776,#3749,#3750);
#3083=AXIS2_PLACEMENT_3D('',#4778,#3752,#3753);
#3084=AXIS2_PLACEMENT_3D('',#4784,#3757,#3758);
#3085=AXIS2_PLACEMENT_3D('',#4786,#3760,#3761);
#3086=AXIS2_PLACEMENT_3D('',#4788,#3763,#3764);
#3087=AXIS2_PLACEMENT_3D('',#4791,#3767,#3768);
#3088=AXIS2_PLACEMENT_3D('',#4794,#3771,#3772);
#3089=AXIS2_PLACEMENT_3D('',#4796,#3774,#3775);
#3090=AXIS2_PLACEMENT_3D('',#4797,#3776,#3777);
#3091=AXIS2_PLACEMENT_3D('',#4798,#3778,#3779);
#3092=AXIS2_PLACEMENT_3D('',#4801,#3782,#3783);
#3093=AXIS2_PLACEMENT_3D('',#4803,#3785,#3786);
#3094=AXIS2_PLACEMENT_3D('',#4805,#3788,#3789);
#3095=AXIS2_PLACEMENT_3D('',#4806,#3790,#3791);
#3096=AXIS2_PLACEMENT_3D('',#4807,#3792,#3793);
#3097=AXIS2_PLACEMENT_3D('',#4809,#3795,#3796);
#3098=AXIS2_PLACEMENT_3D('',#4810,#3797,#3798);
#3099=AXIS2_PLACEMENT_3D('',#4812,#3800,#3801);
#3100=AXIS2_PLACEMENT_3D('',#4813,#3802,#3803);
#3101=AXIS2_PLACEMENT_3D('',#4815,#3805,#3806);
#3102=AXIS2_PLACEMENT_3D('',#4817,#3808,#3809);
#3103=AXIS2_PLACEMENT_3D('',#4820,#3812,#3813);
#3104=AXIS2_PLACEMENT_3D('',#4822,#3815,#3816);
#3105=AXIS2_PLACEMENT_3D('',#4825,#3819,#3820);
#3106=AXIS2_PLACEMENT_3D('',#4827,#3822,#3823);
#3107=AXIS2_PLACEMENT_3D('',#4830,#3826,#3827);
#3108=AXIS2_PLACEMENT_3D('',#4831,#3828,#3829);
#3109=AXIS2_PLACEMENT_3D('',#4832,#3830,#3831);
#3110=AXIS2_PLACEMENT_3D('',#4834,#3833,#3834);
#3111=AXIS2_PLACEMENT_3D('',#4835,#3835,#3836);
#3112=AXIS2_PLACEMENT_3D('',#4837,#3838,#3839);
#3113=AXIS2_PLACEMENT_3D('',#4838,#3840,#3841);
#3114=AXIS2_PLACEMENT_3D('',#4840,#3843,#3844);
#3115=AXIS2_PLACEMENT_3D('',#4841,#3845,#3846);
#3116=DIRECTION('axis',(0.,0.,1.));
#3117=DIRECTION('refdir',(1.,0.,0.));
#3118=DIRECTION('axis',(0.,0.,1.));
#3119=DIRECTION('refdir',(1.,0.,0.));
#3120=DIRECTION('center_axis',(0.,-2.96059473233375E-15,-1.));
#3121=DIRECTION('ref_axis',(0.501926818193233,-0.864910093118595,2.60661639692893E-15));
#3122=DIRECTION('center_axis',(2.00205044268282E-45,2.90045765183323E-15,
1.));
#3123=DIRECTION('ref_axis',(0.501926818193233,-0.864910093118595,2.60661639692893E-15));
#3124=DIRECTION('',(0.,2.96059473233375E-15,1.));
#3125=DIRECTION('center_axis',(-2.00205044268282E-45,-2.90045765183323E-15,
-1.));
#3126=DIRECTION('ref_axis',(0.501926818193233,-0.864910093118595,2.60661639692893E-15));
#3127=DIRECTION('',(0.,-2.96059473233375E-15,-1.));
#3128=DIRECTION('center_axis',(-2.00205044268282E-45,-2.90045765183323E-15,
-1.));
#3129=DIRECTION('ref_axis',(1.,0.,-2.00205044268282E-45));
#3130=DIRECTION('',(0.975429706776394,0.220310887470681,-6.39002399346504E-16));
#3131=DIRECTION('',(0.98576260603383,0.168143047865178,2.3410476986998E-14));
#3132=DIRECTION('center_axis',(5.91713562155226E-14,1.32354126049644E-14,
-1.));
#3133=DIRECTION('ref_axis',(0.52148180296274,0.85326240347195,4.21500654932762E-14));
#3134=DIRECTION('center_axis',(-2.00205044268282E-45,-2.90045765183323E-15,
-1.));
#3135=DIRECTION('ref_axis',(1.,-6.19803877507613E-16,1.79771489915286E-30));
#3136=DIRECTION('',(-0.989484406631797,-0.144639583214692,3.23737160297949E-16));
#3137=DIRECTION('',(1.,0.,-2.00205044268282E-45));
#3138=DIRECTION('',(0.496138938356834,0.868243142124459,-2.51830246522661E-15));
#3139=DIRECTION('',(-1.,3.36109844909881E-46,2.00205044268282E-45));
#3140=DIRECTION('',(0.,1.,-2.90045765183323E-15));
#3141=DIRECTION('',(1.,0.,-2.00205044268282E-45));
#3142=DIRECTION('center_axis',(2.00205044268282E-45,2.90045765183323E-15,
1.));
#3143=DIRECTION('ref_axis',(1.,-5.80686252583548E-60,-2.00205044268282E-45));
#3144=DIRECTION('center_axis',(0.868243142124459,-0.496138938356834,1.4688663274049E-15));
#3145=DIRECTION('ref_axis',(-0.496138938356834,-0.868243142124459,2.51830246522661E-15));
#3146=DIRECTION('',(-0.496138938356834,-0.868243142124459,2.51830246522661E-15));
#3147=DIRECTION('',(-3.55389156525276E-14,-6.5153697124257E-14,-1.));
#3148=DIRECTION('',(0.117937762772731,0.206391084852276,-0.971335886398553));
#3149=DIRECTION('',(0.496138938356834,0.868243142124459,0.));
#3150=DIRECTION('',(0.,2.96059473233375E-15,1.));
#3151=DIRECTION('',(0.,2.96059473233375E-15,1.));
#3152=DIRECTION('',(-0.0941884401609565,-0.164829770281677,-0.9818144858215));
#3153=DIRECTION('',(0.496138938356834,0.868243142124459,0.));
#3154=DIRECTION('',(1.69176841847643E-15,0.,-1.));
#3155=DIRECTION('',(-0.496138938356834,-0.868243142124459,-6.42656738417123E-16));
#3156=DIRECTION('',(-0.117937762772731,-0.206391084852276,0.971335886398553));
#3157=DIRECTION('',(0.496138938356834,0.868243142124459,0.));
#3158=DIRECTION('',(1.69176841847643E-15,0.,-1.));
#3159=DIRECTION('',(-0.496138938356834,-0.868243142124459,0.));
#3160=DIRECTION('',(-0.117937762772731,-0.206391084852276,0.971335886398553));
#3161=DIRECTION('',(0.496138938356834,0.868243142124459,0.));
#3162=DIRECTION('',(1.69176841847643E-15,0.,-1.));
#3163=DIRECTION('',(-0.117937762772731,-0.206391084852276,0.971335886398553));
#3164=DIRECTION('center_axis',(1.97215226305253E-31,-2.96059473233375E-15,
-1.));
#3165=DIRECTION('ref_axis',(-0.0250694544573918,-0.99968571183808,3.15628436282916E-15));
#3166=DIRECTION('center_axis',(-2.00205044268282E-45,-2.90045765183323E-15,
-1.));
#3167=DIRECTION('ref_axis',(-0.0250694544573918,-0.99968571183808,3.15628436282916E-15));
#3168=DIRECTION('',(1.97215226305253E-31,-2.96059473233375E-15,-1.));
#3169=DIRECTION('center_axis',(2.00205044268282E-45,2.90045765183323E-15,
1.));
#3170=DIRECTION('ref_axis',(-0.0250694544573918,-0.99968571183808,3.15628436282916E-15));
#3171=DIRECTION('',(0.,-2.96059473233375E-15,-1.));
#3172=DIRECTION('center_axis',(-0.841178475376554,-0.540757591313499,1.60096407631223E-15));
#3173=DIRECTION('ref_axis',(-0.540757591313499,0.841178475376553,-2.43980254546333E-15));
#3174=DIRECTION('',(0.540757591313499,-0.841178475376553,2.43980254546333E-15));
#3175=DIRECTION('',(0.,2.96059473233375E-15,1.));
#3176=DIRECTION('',(-0.105837366625809,0.16463590364015,0.980659712162331));
#3177=DIRECTION('',(0.,-2.96059473233375E-15,-1.));
#3178=DIRECTION('',(0.131900804022325,-0.205179028479169,0.969795722907979));
#3179=DIRECTION('',(0.,2.96059473233375E-15,1.));
#3180=DIRECTION('',(-0.540757591313499,0.841178475376553,-2.43980254546333E-15));
#3181=DIRECTION('',(0.540757591313499,-0.841178475376553,0.));
#3182=DIRECTION('',(-0.131900804022325,0.205179028479169,-0.969795722907979));
#3183=DIRECTION('',(1.90323947078598E-15,0.,1.));
#3184=DIRECTION('',(1.90323947078598E-15,0.,1.));
#3185=DIRECTION('',(0.540757591313499,-0.841178475376553,0.));
#3186=DIRECTION('',(-0.131900804022326,0.20517902847917,-0.969795722907978));
#3187=DIRECTION('',(-0.540757591313499,0.841178475376553,0.));
#3188=DIRECTION('',(0.540757591313499,-0.841178475376553,-1.29790448113001E-15));
#3189=DIRECTION('',(-0.131900804022325,0.205179028479169,-0.969795722907979));
#3190=DIRECTION('',(-0.540757591313499,0.841178475376553,1.06864056251624E-15));
#3191=DIRECTION('',(1.90323947078598E-15,0.,1.));
#3192=DIRECTION('',(-0.131900804022324,0.205179028479167,-0.969795722907979));
#3193=DIRECTION('',(-0.540757591313499,0.841178475376553,0.));
#3194=DIRECTION('',(1.90323947078598E-15,0.,1.));
#3195=DIRECTION('',(0.540757591313499,-0.841178475376553,-9.33895697266007E-16));
#3196=DIRECTION('center_axis',(-2.00205044268282E-45,-2.90045765183323E-15,
-1.));
#3197=DIRECTION('ref_axis',(1.,0.,-2.00205044268282E-45));
#3198=DIRECTION('',(-0.987514019079584,0.157531146511686,-4.56912419301881E-16));
#3199=DIRECTION('center_axis',(-9.29450820151088E-17,-2.99898715927855E-15,
-1.));
#3200=DIRECTION('ref_axis',(-0.498367763681487,-0.866965727190593,2.64633991604824E-15));
#3201=DIRECTION('center_axis',(3.43933776929672E-17,-2.74975437693766E-15,
-1.));
#3202=DIRECTION('ref_axis',(-0.997958159156958,-0.0638710620864889,1.41306580642316E-16));
#3203=DIRECTION('',(-0.992088638113719,0.125539372810547,-3.64121634474695E-16));
#3204=DIRECTION('',(0.97439119569462,-0.224859506698758,6.52195476791858E-16));
#3205=DIRECTION('',(0.,-1.,2.90045765183323E-15));
#3206=DIRECTION('center_axis',(2.00205044268282E-45,2.90045765183323E-15,
1.));
#3207=DIRECTION('ref_axis',(1.,-5.80686252583548E-60,-2.00205044268282E-45));
#3208=DIRECTION('center_axis',(-1.,0.,0.));
#3209=DIRECTION('ref_axis',(0.,-1.,0.));
#3210=DIRECTION('',(0.,0.,1.));
#3211=DIRECTION('',(0.,0.165565811784859,0.986198743645529));
#3212=DIRECTION('',(1.,0.,0.));
#3213=DIRECTION('center_axis',(-1.,0.,0.));
#3214=DIRECTION('ref_axis',(0.,-1.,0.));
#3215=DIRECTION('',(0.,-0.165565811784859,-0.986198743645529));
#3216=DIRECTION('center_axis',(0.,-0.986198743645529,0.165565811784859));
#3217=DIRECTION('ref_axis',(0.,-0.165565811784859,-0.986198743645529));
#3218=DIRECTION('',(1.,0.,0.));
#3219=DIRECTION('',(0.,0.165565811784859,0.986198743645529));
#3220=DIRECTION('center_axis',(0.,-1.,0.));
#3221=DIRECTION('ref_axis',(0.429350484290122,0.,0.903137952718098));
#3222=DIRECTION('center_axis',(0.,1.,0.));
#3223=DIRECTION('ref_axis',(0.429350484290122,0.,0.903137952718098));
#3224=DIRECTION('center_axis',(1.,0.,0.));
#3225=DIRECTION('ref_axis',(0.,0.,-1.));
#3226=DIRECTION('',(0.,1.,0.));
#3227=DIRECTION('',(5.9211894646675E-15,1.,-7.40148683083438E-16));
#3228=DIRECTION('',(0.,-7.40148683083438E-16,-1.));
#3229=DIRECTION('',(-2.92738066827904E-43,-1.,1.63484820837895E-44));
#3230=DIRECTION('',(0.,1.89242561015651E-16,1.));
#3231=DIRECTION('',(0.,1.,0.));
#3232=DIRECTION('',(0.,9.24446373306128E-33,-1.));
#3233=DIRECTION('',(-2.92738066827904E-43,-1.,1.63484820837895E-44));
#3234=DIRECTION('',(0.,0.,-1.));
#3235=DIRECTION('',(0.,1.,0.));
#3236=DIRECTION('',(0.,1.,0.));
#3237=DIRECTION('',(0.,0.,-1.));
#3238=DIRECTION('',(0.,-1.,0.));
#3239=DIRECTION('',(0.,0.,1.));
#3240=DIRECTION('center_axis',(-1.,0.,0.));
#3241=DIRECTION('ref_axis',(0.,-1.,0.));
#3242=DIRECTION('center_axis',(-1.,0.,0.));
#3243=DIRECTION('ref_axis',(0.,-1.,0.));
#3244=DIRECTION('center_axis',(-1.,0.,0.));
#3245=DIRECTION('ref_axis',(0.,-1.,0.));
#3246=DIRECTION('center_axis',(-1.,0.,0.));
#3247=DIRECTION('ref_axis',(0.,-1.,0.));
#3248=DIRECTION('center_axis',(0.,-0.986198743645529,0.165565811784859));
#3249=DIRECTION('ref_axis',(0.,-0.165565811784859,-0.986198743645529));
#3250=DIRECTION('',(0.,0.165565811784859,0.986198743645529));
#3251=DIRECTION('',(0.,-0.165565811784859,-0.986198743645529));
#3252=DIRECTION('',(1.,0.,0.));
#3253=DIRECTION('center_axis',(0.,1.,0.));
#3254=DIRECTION('ref_axis',(-0.429350484290122,0.,0.903137952718098));
#3255=DIRECTION('center_axis',(0.,-1.,0.));
#3256=DIRECTION('ref_axis',(-0.429350484290122,0.,0.903137952718098));
#3257=DIRECTION('center_axis',(0.,0.978343588450767,0.206987494639837));
#3258=DIRECTION('ref_axis',(0.,-0.206987494639837,0.978343588450767));
#3259=DIRECTION('',(1.,0.,0.));
#3260=DIRECTION('',(0.,-0.206987494639837,0.978343588450767));
#3261=DIRECTION('',(1.,0.,0.));
#3262=DIRECTION('center_axis',(0.,0.,-1.));
#3263=DIRECTION('ref_axis',(0.,1.,0.));
#3264=DIRECTION('',(1.,0.,0.));
#3265=DIRECTION('',(0.,1.,0.));
#3266=DIRECTION('center_axis',(0.,0.,-1.));
#3267=DIRECTION('ref_axis',(0.,1.,0.));
#3268=DIRECTION('',(1.,0.,0.));
#3269=DIRECTION('',(0.,1.,0.));
#3270=DIRECTION('',(1.,0.,0.));
#3271=DIRECTION('center_axis',(0.,-1.,0.));
#3272=DIRECTION('ref_axis',(0.,0.,-1.));
#3273=DIRECTION('',(1.,0.,0.));
#3274=DIRECTION('',(0.,0.,-1.));
#3275=DIRECTION('center_axis',(0.,0.978343588450767,0.206987494639837));
#3276=DIRECTION('ref_axis',(0.,-0.206987494639837,0.978343588450767));
#3277=DIRECTION('',(1.,0.,0.));
#3278=DIRECTION('',(0.,-0.206987494639837,0.978343588450767));
#3279=DIRECTION('',(1.,0.,0.));
#3280=DIRECTION('center_axis',(0.,1.54295969181689E-15,-1.));
#3281=DIRECTION('ref_axis',(0.,1.,1.54295969181689E-15));
#3282=DIRECTION('',(1.,0.,0.));
#3283=DIRECTION('',(0.,1.,1.54295969181689E-15));
#3284=DIRECTION('center_axis',(0.,0.,1.));
#3285=DIRECTION('ref_axis',(0.,-1.,0.));
#3286=DIRECTION('',(1.,0.,0.));
#3287=DIRECTION('',(0.,-1.,0.));
#3288=DIRECTION('',(1.,0.,0.));
#3289=DIRECTION('center_axis',(0.,0.978343588450767,0.206987494639835));
#3290=DIRECTION('ref_axis',(0.,-0.206987494639835,0.978343588450767));
#3291=DIRECTION('',(1.,0.,0.));
#3292=DIRECTION('',(0.,-0.206987494639835,0.978343588450767));
#3293=DIRECTION('center_axis',(0.,-0.978343588450767,-0.206987494639837));
#3294=DIRECTION('ref_axis',(0.,0.206987494639837,-0.978343588450767));
#3295=DIRECTION('',(1.,0.,0.));
#3296=DIRECTION('',(0.,0.206987494639837,-0.978343588450767));
#3297=DIRECTION('center_axis',(-1.,0.,0.));
#3298=DIRECTION('ref_axis',(0.,0.,1.));
#3299=DIRECTION('',(0.,-1.,0.));
#3300=DIRECTION('',(0.,0.,1.));
#3301=DIRECTION('',(-1.66533453693773E-16,1.,5.55111512312854E-17));
#3302=DIRECTION('',(0.,0.,-1.));
#3303=DIRECTION('',(0.,-1.,0.));
#3304=DIRECTION('',(0.,0.,-1.));
#3305=DIRECTION('',(0.,1.,0.));
#3306=DIRECTION('',(2.65692340487199E-31,6.77576192227385E-16,1.));
#3307=DIRECTION('',(5.10702591327572E-15,1.,-8.88178419700125E-16));
#3308=DIRECTION('',(-2.65692340487199E-31,-6.77576192227385E-16,-1.));
#3309=DIRECTION('',(0.,-1.,0.));
#3310=DIRECTION('',(0.,-1.38050658413677E-30,1.));
#3311=DIRECTION('',(0.,-1.,0.));
#3312=DIRECTION('',(0.,-7.40148683083438E-16,-1.));
#3313=DIRECTION('',(0.,-1.,0.));
#3314=DIRECTION('center_axis',(1.,0.,0.));
#3315=DIRECTION('ref_axis',(0.,-1.,0.));
#3316=DIRECTION('center_axis',(1.,0.,0.));
#3317=DIRECTION('ref_axis',(0.,-1.,0.));
#3318=DIRECTION('center_axis',(1.,0.,0.));
#3319=DIRECTION('ref_axis',(0.,-1.,0.));
#3320=DIRECTION('center_axis',(1.,0.,0.));
#3321=DIRECTION('ref_axis',(0.,-1.,0.));
#3322=DIRECTION('',(0.,1.,0.));
#3323=DIRECTION('',(0.,0.,1.));
#3324=DIRECTION('',(0.,-1.,0.));
#3325=DIRECTION('',(0.,0.,-1.));
#3326=DIRECTION('',(0.,0.,1.));
#3327=DIRECTION('',(0.,1.,0.));
#3328=DIRECTION('',(0.,0.,-1.));
#3329=DIRECTION('',(0.,-1.,0.));
#3330=DIRECTION('center_axis',(0.,-1.,0.));
#3331=DIRECTION('ref_axis',(0.,0.,-1.));
#3332=DIRECTION('',(0.,0.,-1.));
#3333=DIRECTION('center_axis',(0.,0.978343588450767,0.206987494639838));
#3334=DIRECTION('ref_axis',(0.,-0.206987494639838,0.978343588450766));
#3335=DIRECTION('',(0.,-0.206987494639838,0.978343588450766));
#3336=DIRECTION('',(1.,0.,0.));
#3337=DIRECTION('center_axis',(0.,0.,1.));
#3338=DIRECTION('ref_axis',(0.,-1.,0.));
#3339=DIRECTION('',(0.,-1.,0.));
#3340=DIRECTION('center_axis',(0.,-1.27040882975265E-15,1.));
#3341=DIRECTION('ref_axis',(0.,-1.,-1.27040882975265E-15));
#3342=DIRECTION('',(0.,-1.,-1.27040882975265E-15));
#3343=DIRECTION('',(1.,0.,0.));
#3344=DIRECTION('center_axis',(0.,-1.,0.));
#3345=DIRECTION('ref_axis',(0.,0.,-1.));
#3346=DIRECTION('',(0.,0.,-1.));
#3347=DIRECTION('center_axis',(0.,-1.,0.));
#3348=DIRECTION('ref_axis',(0.,0.,-1.));
#3349=DIRECTION('',(0.,0.,-1.));
#3350=DIRECTION('',(1.,0.,0.));
#3351=DIRECTION('center_axis',(0.,1.11022300808155E-15,-1.));
#3352=DIRECTION('ref_axis',(0.,1.,1.11022300808155E-15));
#3353=DIRECTION('',(0.,1.,1.11022300808155E-15));
#3354=DIRECTION('center_axis',(-2.00205044268282E-45,-2.90045765183323E-15,
-1.));
#3355=DIRECTION('ref_axis',(1.,0.,-2.00205044268282E-45));
#3356=DIRECTION('',(0.,1.,-2.90045765183323E-15));
#3357=DIRECTION('',(0.97439119569462,-0.224859506698758,6.52195476791858E-16));
#3358=DIRECTION('',(0.992088638113719,-0.125539372810547,3.64121634474695E-16));
#3359=DIRECTION('center_axis',(-3.43933776929672E-17,2.74975437693766E-15,
1.));
#3360=DIRECTION('ref_axis',(-0.997958159156958,-0.0638710620864889,1.41306580642316E-16));
#3361=DIRECTION('center_axis',(9.29450820151088E-17,2.99898715927855E-15,
1.));
#3362=DIRECTION('ref_axis',(-0.498367763681487,-0.866965727190593,2.64633991604824E-15));
#3363=DIRECTION('',(-0.987514019079584,0.157531146511686,-4.56912419301881E-16));
#3364=DIRECTION('center_axis',(2.00205044268282E-45,2.90045765183323E-15,
1.));
#3365=DIRECTION('ref_axis',(1.,0.,0.));
#3366=DIRECTION('center_axis',(0.,4.44089209850058E-15,1.));
#3367=DIRECTION('ref_axis',(1.,-3.48411751550129E-60,-1.20123026560969E-45));
#3368=DIRECTION('',(0.707106781186544,-3.05358931174398E-15,-0.707106781186551));
#3369=DIRECTION('center_axis',(-2.00205044268282E-45,-2.90045765183323E-15,
-1.));
#3370=DIRECTION('ref_axis',(1.,0.,0.));
#3371=DIRECTION('center_axis',(0.,0.,1.));
#3372=DIRECTION('ref_axis',(1.,0.,0.));
#3373=DIRECTION('center_axis',(2.00205044268282E-45,2.90045765183323E-15,
1.));
#3374=DIRECTION('ref_axis',(1.,0.,0.));
#3375=DIRECTION('',(0.,0.,1.));
#3376=DIRECTION('center_axis',(0.,4.44089209850058E-15,1.));
#3377=DIRECTION('ref_axis',(1.,-3.48411751550129E-60,-1.20123026560969E-45));
#3378=DIRECTION('',(0.707106781186544,-3.05358931174399E-15,-0.707106781186551));
#3379=DIRECTION('center_axis',(-2.00205044268282E-45,-2.90045765183323E-15,
-1.));
#3380=DIRECTION('ref_axis',(1.,0.,0.));
#3381=DIRECTION('center_axis',(0.,0.,1.));
#3382=DIRECTION('ref_axis',(1.,0.,0.));
#3383=DIRECTION('',(0.,0.,1.));
#3384=DIRECTION('center_axis',(0.,-2.96059473233375E-15,-1.));
#3385=DIRECTION('ref_axis',(1.,-6.19803877507613E-16,1.83498809482907E-30));
#3386=DIRECTION('',(0.,-2.96059473233375E-15,-1.));
#3387=DIRECTION('center_axis',(2.00205044268282E-45,2.90045765183323E-15,
1.));
#3388=DIRECTION('ref_axis',(1.,-6.19803877507613E-16,1.79771489915286E-30));
#3389=DIRECTION('',(0.,-2.96059473233375E-15,-1.));
#3390=DIRECTION('center_axis',(0.144639583214692,-0.989484406631797,2.92946232200049E-15));
#3391=DIRECTION('ref_axis',(-0.989484406631797,-0.144639583214692,3.23737160297949E-16));
#3392=DIRECTION('',(-0.989484406631797,-0.144639583214692,3.23737160297949E-16));
#3393=DIRECTION('',(0.,-2.96059473233375E-15,-1.));
#3394=DIRECTION('center_axis',(5.92725999447321E-60,-1.,2.96059473233375E-15));
#3395=DIRECTION('ref_axis',(-1.,0.,2.00205044268282E-45));
#3396=DIRECTION('',(-1.,0.,2.00205044268282E-45));
#3397=DIRECTION('center_axis',(-0.220310887470681,0.975429706776394,-2.88785205164405E-15));
#3398=DIRECTION('ref_axis',(0.975429706776394,0.220310887470681,-6.39002399346504E-16));
#3399=DIRECTION('',(0.,0.,-1.));
#3400=DIRECTION('',(0.975429706776394,0.220310887470681,-6.39002399346504E-16));
#3401=DIRECTION('',(0.,-2.96059473233375E-15,-1.));
#3402=DIRECTION('center_axis',(-0.168143047865178,0.98576260603383,-2.91844357875535E-15));
#3403=DIRECTION('ref_axis',(0.98576260603383,0.168143047865178,2.3410476986998E-14));
#3404=DIRECTION('',(0.98576260603383,0.168143047865178,2.3410476986998E-14));
#3405=DIRECTION('',(0.,-2.96059473233375E-15,-1.));
#3406=DIRECTION('center_axis',(0.,-2.96059473233375E-15,-1.));
#3407=DIRECTION('ref_axis',(0.52148180296274,0.85326240347195,-2.52616417701749E-15));
#3408=DIRECTION('center_axis',(-5.91713562155226E-14,-1.32354126049644E-14,
1.));
#3409=DIRECTION('ref_axis',(0.52148180296274,0.85326240347195,4.21500654932762E-14));
#3410=DIRECTION('center_axis',(0.,-2.96059473233375E-15,-1.));
#3411=DIRECTION('ref_axis',(-0.498367763681487,-0.866965727190593,2.56673416503437E-15));
#3412=DIRECTION('',(0.,-2.96059473233375E-15,-1.));
#3413=DIRECTION('',(0.,-2.96059473233375E-15,-1.));
#3414=DIRECTION('center_axis',(0.,-2.96059473233375E-15,-1.));
#3415=DIRECTION('ref_axis',(-0.997958159156958,-0.0638710620864889,1.89096329961821E-16));
#3416=DIRECTION('',(0.,-2.96059473233375E-15,-1.));
#3417=DIRECTION('center_axis',(0.125539372810547,0.99208863811372,-2.93717239600764E-15));
#3418=DIRECTION('ref_axis',(0.992088638113719,-0.125539372810547,3.64121634474695E-16));
#3419=DIRECTION('',(0.,-2.96059473233375E-15,-1.));
#3420=DIRECTION('center_axis',(0.224859506698758,0.97439119569462,-2.88477744120588E-15));
#3421=DIRECTION('ref_axis',(0.97439119569462,-0.224859506698758,6.52195476791858E-16));
#3422=DIRECTION('',(0.,0.,-1.));
#3423=DIRECTION('center_axis',(-0.157531146511686,-0.987514019079584,2.92362880299275E-15));
#3424=DIRECTION('ref_axis',(-0.987514019079584,0.157531146511686,-4.56912419301881E-16));
#3425=DIRECTION('center_axis',(0.,-1.,0.));
#3426=DIRECTION('ref_axis',(0.,0.,-1.));
#3427=DIRECTION('',(0.,0.,-1.));
#3428=DIRECTION('',(1.,0.,0.));
#3429=DIRECTION('',(0.,0.,-1.));
#3430=DIRECTION('',(1.,0.,0.));
#3431=DIRECTION('center_axis',(5.10702591327572E-15,1.,-8.88178419700125E-16));
#3432=DIRECTION('ref_axis',(0.,8.88178419700125E-16,1.));
#3433=DIRECTION('',(0.,-8.88178419700125E-16,-1.));
#3434=DIRECTION('',(-1.,5.10702591327572E-15,-5.55111512312731E-17));
#3435=DIRECTION('',(0.,0.,1.));
#3436=DIRECTION('',(-1.,0.,0.));
#3437=DIRECTION('',(0.,0.,-1.));
#3438=DIRECTION('',(-1.,5.10702591327572E-15,-5.55111512312731E-17));
#3439=DIRECTION('',(-1.97810138860793E-14,-8.88178419700024E-16,-1.));
#3440=DIRECTION('',(1.,-5.10702591327572E-15,5.55111512312731E-17));
#3441=DIRECTION('',(0.,-8.88178419700125E-16,-1.));
#3442=DIRECTION('',(-1.,5.9211894646675E-15,0.));
#3443=DIRECTION('',(1.,-5.10702591327572E-15,5.55111512312731E-17));
#3444=DIRECTION('',(-5.55111512312731E-17,8.88178419700125E-16,1.));
#3445=DIRECTION('',(-1.,5.10702591327572E-15,-5.55111512312731E-17));
#3446=DIRECTION('',(0.,0.,1.));
#3447=DIRECTION('',(1.,1.66533453693773E-16,-1.36325025183506E-29));
#3448=DIRECTION('center_axis',(-5.10702591327572E-15,-1.,8.88178419700125E-16));
#3449=DIRECTION('ref_axis',(-0.739116737957328,0.,0.673577350919193));
#3450=DIRECTION('',(-0.998444206169969,5.04955568829014E-15,-0.0557599064348173));
#3451=DIRECTION('',(-1.,5.10702591327572E-15,0.));
#3452=DIRECTION('center_axis',(-5.10702591327572E-15,-1.,8.88178419700125E-16));
#3453=DIRECTION('ref_axis',(0.739116737957328,-9.05156947335675E-17,0.673577350919193));
#3454=DIRECTION('',(1.,-5.10702591327572E-15,5.55111512312731E-17));
#3455=DIRECTION('',(5.55111512312731E-17,-8.88178419700125E-16,-1.));
#3456=DIRECTION('',(-1.,5.10702591327572E-15,-5.55111512312731E-17));
#3457=DIRECTION('',(0.,0.,-1.));
#3458=DIRECTION('',(-5.55111512312731E-17,8.88178419700125E-16,1.));
#3459=DIRECTION('',(1.,-5.10702591327572E-15,5.55111512312731E-17));
#3460=DIRECTION('',(0.,0.,1.));
#3461=DIRECTION('',(-1.,5.10702591327572E-15,-5.55111512312731E-17));
#3462=DIRECTION('center_axis',(-5.10702591327572E-15,-1.,8.88178419700125E-16));
#3463=DIRECTION('ref_axis',(1.,0.,0.));
#3464=DIRECTION('center_axis',(-5.10702591327572E-15,-1.,8.88178419700125E-16));
#3465=DIRECTION('ref_axis',(1.,0.,0.));
#3466=DIRECTION('center_axis',(0.,0.,1.));
#3467=DIRECTION('ref_axis',(1.,0.,0.));
#3468=DIRECTION('',(0.,1.,0.));
#3469=DIRECTION('',(1.,-5.18104078158406E-15,0.));
#3470=DIRECTION('',(0.,-1.,0.));
#3471=DIRECTION('',(-1.,5.18104078158406E-15,0.));
#3472=DIRECTION('',(-1.22464679914735E-16,-1.,0.));
#3473=DIRECTION('center_axis',(-5.18104078158406E-15,-1.,7.40148683083438E-16));
#3474=DIRECTION('ref_axis',(0.,-7.40148683083438E-16,-1.));
#3475=DIRECTION('',(9.06420715631261E-32,7.40148683083438E-16,1.));
#3476=DIRECTION('center_axis',(5.18104078158406E-15,1.,-7.40148683083438E-16));
#3477=DIRECTION('ref_axis',(0.739116737957328,-9.05156947335675E-17,0.673577350919193));
#3478=DIRECTION('center_axis',(-3.66354907026213E-15,-0.707106781186546,
0.707106781186549));
#3479=DIRECTION('ref_axis',(1.,0.,5.18104078158404E-15));
#3480=DIRECTION('',(4.18691322315674E-15,0.707106781186549,0.707106781186546));
#3481=DIRECTION('',(-1.,5.18104078158406E-15,0.));
#3482=DIRECTION('',(-3.66354907026215E-15,-0.707106781186549,-0.707106781186546));
#3483=DIRECTION('',(1.,-5.18104078158406E-15,0.));
#3484=DIRECTION('center_axis',(1.,-5.9211894646675E-15,0.));
#3485=DIRECTION('ref_axis',(0.,0.,-1.));
#3486=DIRECTION('',(-4.38256058456118E-30,-7.40148683083438E-16,-1.));
#3487=DIRECTION('',(4.9960036108132E-15,1.,0.));
#3488=DIRECTION('',(-5.9211894646675E-15,-1.,-3.38963670212247E-31));
#3489=DIRECTION('',(0.,0.,1.));
#3490=DIRECTION('',(5.9211894646675E-15,1.,3.38963670212247E-31));
#3491=DIRECTION('',(5.47382212627032E-47,9.24446373306128E-33,-1.));
#3492=DIRECTION('',(-5.9211894646675E-15,-1.,0.));
#3493=DIRECTION('',(1.12054105855257E-30,1.89242561015651E-16,1.));
#3494=DIRECTION('center_axis',(1.,0.,0.));
#3495=DIRECTION('ref_axis',(0.,-1.,0.));
#3496=DIRECTION('center_axis',(1.,0.,0.));
#3497=DIRECTION('ref_axis',(0.,-1.,0.));
#3498=DIRECTION('',(1.,0.,0.));
#3499=DIRECTION('center_axis',(1.,0.,0.));
#3500=DIRECTION('ref_axis',(0.,-1.,0.));
#3501=DIRECTION('center_axis',(1.,0.,0.));
#3502=DIRECTION('ref_axis',(0.,-1.,0.));
#3503=DIRECTION('',(1.,0.,0.));
#3504=DIRECTION('center_axis',(1.,0.,0.));
#3505=DIRECTION('ref_axis',(0.,-1.,0.));
#3506=DIRECTION('center_axis',(1.,0.,0.));
#3507=DIRECTION('ref_axis',(0.,-1.,0.));
#3508=DIRECTION('',(1.,0.,0.));
#3509=DIRECTION('center_axis',(1.,0.,0.));
#3510=DIRECTION('ref_axis',(0.,-1.,0.));
#3511=DIRECTION('center_axis',(1.,0.,0.));
#3512=DIRECTION('ref_axis',(0.,-1.,0.));
#3513=DIRECTION('',(1.,0.,0.));
#3514=DIRECTION('center_axis',(-1.22464679914735E-16,-1.,0.));
#3515=DIRECTION('ref_axis',(0.739116737957328,-9.05156947335675E-17,0.673577350919193));
#3516=DIRECTION('',(5.9211894646675E-15,1.,-7.40148683083438E-16));
#3517=DIRECTION('center_axis',(0.,1.,0.));
#3518=DIRECTION('ref_axis',(0.,0.,-1.));
#3519=DIRECTION('',(-1.,0.,0.));
#3520=DIRECTION('',(0.,0.,-1.));
#3521=DIRECTION('',(-1.,0.,0.));
#3522=DIRECTION('center_axis',(0.,0.,-1.));
#3523=DIRECTION('ref_axis',(0.,-1.,0.));
#3524=DIRECTION('',(0.,-1.,0.));
#3525=DIRECTION('',(-1.,0.,0.));
#3526=DIRECTION('center_axis',(0.,-1.,0.));
#3527=DIRECTION('ref_axis',(0.,0.,1.));
#3528=DIRECTION('',(0.,0.,1.));
#3529=DIRECTION('',(-1.,0.,0.));
#3530=DIRECTION('center_axis',(0.,0.,1.));
#3531=DIRECTION('ref_axis',(0.,1.,0.));
#3532=DIRECTION('',(0.,1.,0.));
#3533=DIRECTION('center_axis',(-1.,0.,0.));
#3534=DIRECTION('ref_axis',(0.,0.,1.));
#3535=DIRECTION('',(0.,0.,-1.));
#3536=DIRECTION('',(0.,7.40148683083438E-16,1.));
#3537=DIRECTION('',(0.,-1.,0.));
#3538=DIRECTION('',(0.,-0.207841613811808,0.978162493437621));
#3539=DIRECTION('',(0.,6.5153697124257E-14,1.));
#3540=DIRECTION('',(0.,-1.,2.90045765183323E-15));
#3541=DIRECTION('',(0.,0.,-1.));
#3542=DIRECTION('',(0.,0.207841613811808,-0.978162493437621));
#3543=DIRECTION('',(0.,0.,1.));
#3544=DIRECTION('',(0.,-1.,0.));
#3545=DIRECTION('',(0.,0.207841613811808,-0.978162493437621));
#3546=DIRECTION('',(0.,1.,0.));
#3547=DIRECTION('',(0.,0.,1.));
#3548=DIRECTION('',(0.,-1.,0.));
#3549=DIRECTION('',(0.,0.207841613811808,-0.978162493437621));
#3550=DIRECTION('',(0.,1.,7.40180609828532E-16));
#3551=DIRECTION('',(0.,0.,1.));
#3552=DIRECTION('',(0.,-1.,0.));
#3553=DIRECTION('center_axis',(0.,0.,-1.));
#3554=DIRECTION('ref_axis',(0.,-1.,0.));
#3555=DIRECTION('',(1.,0.,0.));
#3556=DIRECTION('',(-1.,5.18104078158406E-15,0.));
#3557=DIRECTION('center_axis',(-5.18104078158406E-15,-1.,7.40148683083438E-16));
#3558=DIRECTION('ref_axis',(0.,-7.40148683083438E-16,-1.));
#3559=DIRECTION('',(0.,-7.40148683083438E-16,-1.));
#3560=DIRECTION('',(-1.,5.18104078158406E-15,0.));
#3561=DIRECTION('',(0.258819045102521,-2.05588075601094E-15,-0.965925826289068));
#3562=DIRECTION('',(0.923372231219532,-5.06817661602989E-15,-0.383905877283304));
#3563=DIRECTION('',(1.,-5.18104078158406E-15,0.));
#3564=DIRECTION('',(-2.65692340487199E-31,-6.77576192227385E-16,-1.));
#3565=DIRECTION('center_axis',(5.18104078158406E-15,1.,-7.40148683083438E-16));
#3566=DIRECTION('ref_axis',(1.,0.,0.));
#3567=DIRECTION('center_axis',(5.18104078158406E-15,1.,-7.40148683083438E-16));
#3568=DIRECTION('ref_axis',(1.,0.,0.));
#3569=DIRECTION('center_axis',(5.18104078158406E-15,1.,-7.40148683083438E-16));
#3570=DIRECTION('ref_axis',(1.,0.,0.));
#3571=DIRECTION('center_axis',(5.18104078158406E-15,1.,-7.40148683083438E-16));
#3572=DIRECTION('ref_axis',(1.,0.,0.));
#3573=DIRECTION('center_axis',(5.18104078158406E-15,1.,-7.40148683083438E-16));
#3574=DIRECTION('ref_axis',(1.,0.,0.));
#3575=DIRECTION('',(1.,0.,0.));
#3576=DIRECTION('center_axis',(0.,0.,1.));
#3577=DIRECTION('ref_axis',(0.,-1.,0.));
#3578=DIRECTION('',(0.,-1.,0.));
#3579=DIRECTION('',(0.,-1.,0.));
#3580=DIRECTION('',(1.,0.,0.));
#3581=DIRECTION('center_axis',(0.,1.,0.));
#3582=DIRECTION('ref_axis',(0.,0.,1.));
#3583=DIRECTION('',(0.,0.,-1.));
#3584=DIRECTION('',(0.,0.,1.));
#3585=DIRECTION('',(1.,0.,0.));
#3586=DIRECTION('center_axis',(0.,0.,-1.));
#3587=DIRECTION('ref_axis',(0.,1.,0.));
#3588=DIRECTION('',(0.,-1.,0.));
#3589=DIRECTION('',(0.,1.,0.));
#3590=DIRECTION('center_axis',(1.,0.,0.));
#3591=DIRECTION('ref_axis',(0.,1.,0.));
#3592=DIRECTION('center_axis',(-1.,0.,0.));
#3593=DIRECTION('ref_axis',(0.,-1.,0.));
#3594=DIRECTION('',(0.,1.,0.));
#3595=DIRECTION('',(0.,0.,1.));
#3596=DIRECTION('',(0.,-1.,0.));
#3597=DIRECTION('center_axis',(-1.,0.,0.));
#3598=DIRECTION('ref_axis',(0.,-1.,0.));
#3599=DIRECTION('center_axis',(-1.,0.,0.));
#3600=DIRECTION('ref_axis',(0.,-1.,0.));
#3601=DIRECTION('center_axis',(-1.,0.,0.));
#3602=DIRECTION('ref_axis',(0.,-1.,0.));
#3603=DIRECTION('',(0.,1.,0.));
#3604=DIRECTION('',(0.,0.,-1.));
#3605=DIRECTION('',(0.,-1.,0.));
#3606=DIRECTION('',(0.,0.,1.));
#3607=DIRECTION('center_axis',(-1.,0.,0.));
#3608=DIRECTION('ref_axis',(0.,-1.,0.));
#3609=DIRECTION('center_axis',(0.,0.,-1.));
#3610=DIRECTION('ref_axis',(0.,-1.,0.));
#3611=DIRECTION('center_axis',(1.,0.,0.));
#3612=DIRECTION('ref_axis',(0.,-1.,0.));
#3613=DIRECTION('',(1.,0.,0.));
#3614=DIRECTION('center_axis',(1.,0.,0.));
#3615=DIRECTION('ref_axis',(0.,-1.,0.));
#3616=DIRECTION('',(1.,0.,0.));
#3617=DIRECTION('center_axis',(1.,0.,0.));
#3618=DIRECTION('ref_axis',(0.,-1.,0.));
#3619=DIRECTION('',(1.,0.,0.));
#3620=DIRECTION('center_axis',(1.,0.,0.));
#3621=DIRECTION('ref_axis',(0.,-1.,0.));
#3622=DIRECTION('',(1.,0.,0.));
#3623=DIRECTION('center_axis',(0.,1.,0.));
#3624=DIRECTION('ref_axis',(-0.739116737957328,0.,0.673577350919193));
#3625=DIRECTION('',(0.,-1.,0.));
#3626=DIRECTION('center_axis',(0.,1.,0.));
#3627=DIRECTION('ref_axis',(0.,0.,-1.));
#3628=DIRECTION('',(-1.,0.,0.));
#3629=DIRECTION('',(-1.,0.,0.));
#3630=DIRECTION('center_axis',(0.,0.,-1.));
#3631=DIRECTION('ref_axis',(0.,-1.,0.));
#3632=DIRECTION('',(-1.,0.,0.));
#3633=DIRECTION('center_axis',(0.,-1.,0.));
#3634=DIRECTION('ref_axis',(0.,0.,1.));
#3635=DIRECTION('',(-1.,0.,0.));
#3636=DIRECTION('center_axis',(0.,0.,1.));
#3637=DIRECTION('ref_axis',(0.,1.,0.));
#3638=DIRECTION('center_axis',(-5.55111512312731E-17,0.,1.));
#3639=DIRECTION('ref_axis',(-1.,-1.99840144432522E-17,-5.55111512312731E-17));
#3640=DIRECTION('center_axis',(-5.55111512312731E-17,0.,1.));
#3641=DIRECTION('ref_axis',(-0.707106781186548,-0.707106781186548,0.));
#3642=DIRECTION('',(0.,-1.,0.));
#3643=DIRECTION('',(0.,1.,0.));
#3644=DIRECTION('',(-1.,-1.66533453693773E-16,-5.55111512312731E-17));
#3645=DIRECTION('',(1.,0.,5.55111512312731E-17));
#3646=DIRECTION('center_axis',(-1.,0.,0.));
#3647=DIRECTION('ref_axis',(0.,0.,1.));
#3648=DIRECTION('',(0.,-1.,0.));
#3649=DIRECTION('',(0.,0.,1.));
#3650=DIRECTION('center_axis',(-1.,0.,-5.55111512312731E-17));
#3651=DIRECTION('ref_axis',(5.55111512312731E-17,-3.55776014709425E-16,
-1.));
#3652=DIRECTION('',(-5.55111512312731E-17,0.,1.));
#3653=DIRECTION('',(0.,1.,0.));
#3654=DIRECTION('center_axis',(1.,0.,0.));
#3655=DIRECTION('ref_axis',(0.,0.,-1.));
#3656=DIRECTION('',(0.,-1.,0.));
#3657=DIRECTION('',(0.,0.,-1.));
#3658=DIRECTION('',(0.,1.,0.));
#3659=DIRECTION('center_axis',(1.,0.,5.55111512312731E-17));
#3660=DIRECTION('ref_axis',(-5.55111512312731E-17,3.55776014709425E-16,
1.));
#3661=DIRECTION('',(0.,1.,0.));
#3662=DIRECTION('',(0.,-1.,0.));
#3663=DIRECTION('',(5.55111512312731E-17,0.,-1.));
#3664=DIRECTION('center_axis',(5.55111512312731E-17,0.,-1.));
#3665=DIRECTION('ref_axis',(1.,1.66533453693774E-16,5.55111512312731E-17));
#3666=DIRECTION('center_axis',(5.55111512312731E-17,0.,-1.));
#3667=DIRECTION('ref_axis',(-0.707106781186548,-0.707106781186548,0.));
#3668=DIRECTION('',(-1.,0.,-5.55111512312731E-17));
#3669=DIRECTION('',(1.,1.66533453693773E-16,5.55111512312731E-17));
#3670=DIRECTION('center_axis',(1.66533453693773E-16,-1.,0.));
#3671=DIRECTION('ref_axis',(1.,1.66533453693773E-16,-1.66533453693787E-16));
#3672=DIRECTION('center_axis',(0.,-1.,0.));
#3673=DIRECTION('ref_axis',(0.,0.,-1.));
#3674=DIRECTION('',(5.55111512312731E-17,0.,-1.));
#3675=DIRECTION('center_axis',(-5.55111512312731E-17,0.,1.));
#3676=DIRECTION('ref_axis',(0.707106781186548,-0.707106781186547,0.));
#3677=DIRECTION('center_axis',(5.55111512312731E-17,0.,-1.));
#3678=DIRECTION('ref_axis',(0.707106781186548,-0.707106781186547,0.));
#3679=DIRECTION('center_axis',(-5.55111512312731E-17,0.,1.));
#3680=DIRECTION('ref_axis',(0.707106781186548,-0.707106781186547,0.));
#3681=DIRECTION('',(-5.55111512312731E-17,0.,1.));
#3682=DIRECTION('center_axis',(-1.97810138860793E-14,-3.66022284445919E-30,
-1.));
#3683=DIRECTION('ref_axis',(-0.707106781186548,-0.707106781186547,1.36074679752594E-14));
#3684=DIRECTION('center_axis',(-5.55111512312731E-17,-1.02716263700681E-32,
1.));
#3685=DIRECTION('ref_axis',(-0.707106781186548,-0.707106781186547,1.36074679752594E-14));
#3686=DIRECTION('center_axis',(5.55111512312731E-17,1.02716263700681E-32,
-1.));
#3687=DIRECTION('ref_axis',(-0.707106781186548,-0.707106781186547,1.36074679752594E-14));
#3688=DIRECTION('',(-1.97810138860793E-14,-3.66022284445919E-30,-1.));
#3689=DIRECTION('center_axis',(5.55111512312731E-17,1.02716263700681E-32,
-1.));
#3690=DIRECTION('ref_axis',(1.,1.66533453693773E-16,5.55111512312731E-17));
#3691=DIRECTION('',(1.,1.66533453693773E-16,5.55111512312731E-17));
#3692=DIRECTION('center_axis',(1.85037170770859E-16,-1.,0.));
#3693=DIRECTION('ref_axis',(0.,0.,-1.));
#3694=DIRECTION('',(-1.,7.10542735759979E-15,-5.55111512312731E-17));
#3695=DIRECTION('center_axis',(1.,0.,0.));
#3696=DIRECTION('ref_axis',(0.,0.,-1.));
#3697=DIRECTION('',(0.,1.,0.));
#3698=DIRECTION('',(0.,0.,-1.));
#3699=DIRECTION('',(-1.66533453693773E-16,1.,-1.03537993810257E-30));
#3700=DIRECTION('center_axis',(1.,0.,0.));
#3701=DIRECTION('ref_axis',(0.,0.,-1.));
#3702=DIRECTION('',(0.,1.,1.02716263700681E-32));
#3703=DIRECTION('',(0.,0.,-1.));
#3704=DIRECTION('',(-1.66533453693773E-16,1.,-1.66533453693774E-16));
#3705=DIRECTION('center_axis',(-1.,0.,0.));
#3706=DIRECTION('ref_axis',(0.,0.,1.));
#3707=DIRECTION('',(0.,-1.,-1.02716263700681E-32));
#3708=DIRECTION('',(1.66533453693773E-16,-1.,2.22044604925061E-16));
#3709=DIRECTION('',(0.,0.,1.));
#3710=DIRECTION('center_axis',(-5.55111512312731E-17,-1.02716263700681E-32,
1.));
#3711=DIRECTION('ref_axis',(-1.,7.10542735759979E-15,-5.55111512312731E-17));
#3712=DIRECTION('',(1.,0.,5.55111512312731E-17));
#3713=DIRECTION('center_axis',(1.66533453693773E-16,-1.,0.));
#3714=DIRECTION('ref_axis',(-1.,-1.66533453693773E-16,1.66533453693787E-16));
#3715=DIRECTION('',(1.,0.,0.));
#3716=DIRECTION('center_axis',(0.,0.,-1.));
#3717=DIRECTION('ref_axis',(-1.,0.,0.));
#3718=DIRECTION('center_axis',(1.,-5.9211894646675E-15,0.));
#3719=DIRECTION('ref_axis',(0.,0.,-1.));
#3720=DIRECTION('',(5.9211894646675E-15,1.,-6.34413156928661E-16));
#3721=DIRECTION('',(2.65692340487199E-31,6.77576192227385E-16,1.));
#3722=DIRECTION('center_axis',(-5.55111512312731E-17,0.,1.));
#3723=DIRECTION('ref_axis',(0.707106781186548,-0.707106781186548,0.));
#3724=DIRECTION('center_axis',(-5.55111512312731E-17,0.,1.));
#3725=DIRECTION('ref_axis',(0.707106781186548,-0.707106781186548,0.));
#3726=DIRECTION('center_axis',(5.55111512312731E-17,0.,-1.));
#3727=DIRECTION('ref_axis',(0.707106781186548,-0.707106781186548,0.));
#3728=DIRECTION('',(-5.55111512312731E-17,0.,1.));
#3729=DIRECTION('center_axis',(5.55111512312731E-17,0.,-1.));
#3730=DIRECTION('ref_axis',(-0.707106781186548,-0.707106781186548,0.));
#3731=DIRECTION('center_axis',(0.,-1.,0.));
#3732=DIRECTION('ref_axis',(1.,0.,0.));
#3733=DIRECTION('center_axis',(-5.04907935168885E-15,-1.,6.77576192227385E-16));
#3734=DIRECTION('ref_axis',(1.,0.,0.));
#3735=DIRECTION('',(0.,-1.,0.));
#3736=DIRECTION('center_axis',(0.,-1.,0.));
#3737=DIRECTION('ref_axis',(1.,0.,0.));
#3738=DIRECTION('center_axis',(-5.04907935168885E-15,-1.,6.77576192227385E-16));
#3739=DIRECTION('ref_axis',(1.,0.,0.));
#3740=DIRECTION('',(0.,-1.,0.));
#3741=DIRECTION('center_axis',(0.,-1.,0.));
#3742=DIRECTION('ref_axis',(1.,0.,0.));
#3743=DIRECTION('center_axis',(-5.04907935168885E-15,-1.,6.77576192227385E-16));
#3744=DIRECTION('ref_axis',(1.,0.,0.));
#3745=DIRECTION('',(0.,-1.,0.));
#3746=DIRECTION('center_axis',(0.,1.,0.));
#3747=DIRECTION('ref_axis',(1.,0.,0.));
#3748=DIRECTION('',(0.,1.,0.));
#3749=DIRECTION('center_axis',(0.,1.,0.));
#3750=DIRECTION('ref_axis',(1.,0.,0.));
#3751=DIRECTION('',(0.,1.,0.));
#3752=DIRECTION('center_axis',(0.383905877283304,0.,0.923372231219532));
#3753=DIRECTION('ref_axis',(-0.923372231219532,-2.46519032881566E-31,0.383905877283304));
#3754=DIRECTION('',(0.,-1.,0.));
#3755=DIRECTION('',(-0.923372231219532,-2.46519032881566E-31,0.383905877283304));
#3756=DIRECTION('',(0.,1.,0.));
#3757=DIRECTION('center_axis',(0.965925826289068,0.,0.258819045102521));
#3758=DIRECTION('ref_axis',(-0.258819045102521,-1.18329135783152E-30,0.965925826289068));
#3759=DIRECTION('',(-0.258819045102521,-1.18329135783152E-30,0.965925826289068));
#3760=DIRECTION('center_axis',(3.29719206479102E-31,1.,1.38050658413677E-30));
#3761=DIRECTION('ref_axis',(0.383905877283304,-1.4791141972894E-30,0.923372231219532));
#3762=DIRECTION('',(-1.,3.29719206479102E-31,0.));
#3763=DIRECTION('center_axis',(-5.04907935168885E-15,-1.,6.77576192227385E-16));
#3764=DIRECTION('ref_axis',(1.,-5.04907935168885E-15,3.15544362088405E-30));
#3765=DIRECTION('',(-1.,5.04907935168885E-15,-3.20320237108824E-30));
#3766=DIRECTION('',(1.,-5.04907935168885E-15,4.48448331952354E-30));
#3767=DIRECTION('center_axis',(0.,-1.,0.));
#3768=DIRECTION('ref_axis',(0.,0.,-1.));
#3769=DIRECTION('',(-1.,0.,-5.55111512312731E-17));
#3770=DIRECTION('',(1.,0.,5.55111512312731E-17));
#3771=DIRECTION('center_axis',(5.55111512312731E-17,0.,-1.));
#3772=DIRECTION('ref_axis',(1.,-1.46549439250523E-16,5.55111512312731E-17));
#3773=DIRECTION('',(1.,1.66533453693773E-16,5.55111512312731E-17));
#3774=DIRECTION('center_axis',(0.,0.,-1.));
#3775=DIRECTION('ref_axis',(0.,-1.,0.));
#3776=DIRECTION('center_axis',(0.,-8.88178419700125E-16,-1.));
#3777=DIRECTION('ref_axis',(-1.,0.,0.));
#3778=DIRECTION('center_axis',(0.,-1.,0.));
#3779=DIRECTION('ref_axis',(0.,0.,-1.));
#3780=DIRECTION('',(1.,1.66533453693773E-16,5.55111512312731E-17));
#3781=DIRECTION('',(-1.,7.10542735759979E-15,-5.55111512312731E-17));
#3782=DIRECTION('center_axis',(0.,0.,-1.));
#3783=DIRECTION('ref_axis',(-1.,0.,0.));
#3784=DIRECTION('',(1.,0.,0.));
#3785=DIRECTION('center_axis',(1.66533453693773E-16,-1.,0.));
#3786=DIRECTION('ref_axis',(-1.,-1.66533453693773E-16,-5.55111512312728E-17));
#3787=DIRECTION('',(1.,0.,5.55111512312731E-17));
#3788=DIRECTION('center_axis',(-5.55111512312731E-17,0.,1.));
#3789=DIRECTION('ref_axis',(-1.,7.10542735759979E-15,-5.55111512312731E-17));
#3790=DIRECTION('center_axis',(5.55111512312731E-17,0.,-1.));
#3791=DIRECTION('ref_axis',(1.,1.66533453693773E-16,5.55111512312731E-17));
#3792=DIRECTION('center_axis',(1.66533453693773E-16,-1.,0.));
#3793=DIRECTION('ref_axis',(1.,1.66533453693773E-16,5.55111512312728E-17));
#3794=DIRECTION('',(-1.,-1.66533453693773E-16,-5.55111512312731E-17));
#3795=DIRECTION('center_axis',(-5.55111512312731E-17,0.,1.));
#3796=DIRECTION('ref_axis',(-1.,-1.99840144432522E-17,-5.55111512312731E-17));
#3797=DIRECTION('center_axis',(-5.18104078158406E-15,-1.,0.));
#3798=DIRECTION('ref_axis',(1.,-5.18104078158406E-15,0.));
#3799=DIRECTION('',(0.998444206169969,-5.17298015030294E-15,0.0557599064348173));
#3800=DIRECTION('center_axis',(-0.0557599064348173,0.,0.998444206169969));
#3801=DIRECTION('ref_axis',(0.998444206169969,0.,0.0557599064348173));
#3802=DIRECTION('center_axis',(-2.00205044268282E-45,-2.90045765183323E-15,
-1.));
#3803=DIRECTION('ref_axis',(1.,0.,-2.00205044268282E-45));
#3804=DIRECTION('',(1.,-1.30440988170041E-58,-2.00205044268282E-45));
#3805=DIRECTION('center_axis',(0.,-0.978162493437621,-0.207841613811808));
#3806=DIRECTION('ref_axis',(0.,-0.207841613811808,0.978162493437621));
#3807=DIRECTION('',(-1.,0.,0.));
#3808=DIRECTION('center_axis',(0.,0.978162493437621,0.207841613811808));
#3809=DIRECTION('ref_axis',(0.,0.207841613811808,-0.978162493437621));
#3810=DIRECTION('',(-1.,0.,0.));
#3811=DIRECTION('',(-1.,0.,0.));
#3812=DIRECTION('center_axis',(0.,-7.40180609828532E-16,1.));
#3813=DIRECTION('ref_axis',(0.,1.,7.40180609828532E-16));
#3814=DIRECTION('',(-1.,0.,0.));
#3815=DIRECTION('center_axis',(0.,0.978162493437621,0.207841613811808));
#3816=DIRECTION('ref_axis',(0.,0.207841613811808,-0.978162493437621));
#3817=DIRECTION('',(-1.,0.,0.));
#3818=DIRECTION('',(-1.,0.,0.));
#3819=DIRECTION('center_axis',(0.,0.,1.));
#3820=DIRECTION('ref_axis',(0.,1.,0.));
#3821=DIRECTION('',(-1.,0.,0.));
#3822=DIRECTION('center_axis',(0.,0.978162493437621,0.207841613811808));
#3823=DIRECTION('ref_axis',(0.,0.207841613811808,-0.978162493437621));
#3824=DIRECTION('',(-1.,0.,0.));
#3825=DIRECTION('',(-1.,0.,0.));
#3826=DIRECTION('center_axis',(0.,-1.,6.5153697124257E-14));
#3827=DIRECTION('ref_axis',(0.,6.5153697124257E-14,1.));
#3828=DIRECTION('center_axis',(0.,-1.,0.));
#3829=DIRECTION('ref_axis',(0.,0.,-1.));
#3830=DIRECTION('center_axis',(0.,0.,-1.));
#3831=DIRECTION('ref_axis',(0.,-1.,0.));
#3832=DIRECTION('',(-1.,0.,0.));
#3833=DIRECTION('center_axis',(0.,-1.,0.));
#3834=DIRECTION('ref_axis',(0.,0.,1.));
#3835=DIRECTION('center_axis',(0.,0.,-1.));
#3836=DIRECTION('ref_axis',(0.,-1.,0.));
#3837=DIRECTION('',(-1.,0.,0.));
#3838=DIRECTION('center_axis',(0.,-1.,0.));
#3839=DIRECTION('ref_axis',(0.,0.,1.));
#3840=DIRECTION('center_axis',(0.,0.,-1.));
#3841=DIRECTION('ref_axis',(0.,-1.,0.));
#3842=DIRECTION('',(-1.,0.,0.));
#3843=DIRECTION('center_axis',(0.,-1.,0.));
#3844=DIRECTION('ref_axis',(0.,0.,1.));
#3845=DIRECTION('',(0.,0.,1.));
#3846=DIRECTION('',(1.,0.,0.));
#3847=CARTESIAN_POINT('',(0.,0.,0.));
#3848=CARTESIAN_POINT('',(0.,0.,0.));
#3849=CARTESIAN_POINT('Origin',(6.28440352695788,-30.1510005960464,20.8490536934252));
#3850=CARTESIAN_POINT('',(6.28440352695788,-40.0000005960464,17.8490536934252));
#3851=CARTESIAN_POINT('',(14.8357302337417,-35.0374729999228,17.8490536934252));
#3852=CARTESIAN_POINT('Origin',(6.28440352695788,-30.1510005960464,17.8490536934252));
#3853=CARTESIAN_POINT('',(14.8357302337417,-35.0374729999228,20.8490536934252));
#3854=CARTESIAN_POINT('',(14.8357302337417,-35.0374729999228,20.8490536934252));
#3855=CARTESIAN_POINT('',(6.28440352695788,-40.0000005960464,20.8490536934252));
#3856=CARTESIAN_POINT('Origin',(6.28440352695788,-30.1510005960464,20.8490536934252));
#3857=CARTESIAN_POINT('',(6.28440352695788,-40.0000005960464,20.8490536934252));
#3858=CARTESIAN_POINT('Origin',(11.5000001713634,-33.2095637903426,20.8490536934252));
#3859=CARTESIAN_POINT('',(5.93087924906244,-28.5000758465091,20.8490536934252));
#3860=CARTESIAN_POINT('',(17.000011918814,-25.9999995582003,20.8490536934252));
#3861=CARTESIAN_POINT('',(5.93087924906244,-28.5000758465091,20.8490536934252));
#3862=CARTESIAN_POINT('',(3.00000004470348,-29.0000004321336,20.8490536934251));
#3863=CARTESIAN_POINT('',(3.00000004470348,-29.0000004321336,20.8490536934251));
#3864=CARTESIAN_POINT('',(5.93087924906243,-34.686184881197,20.8490536934252));
#3865=CARTESIAN_POINT('Origin',(-0.210630807827115,-34.253320073063,20.8490536934249));
#3866=CARTESIAN_POINT('',(3.06361965714997,-40.419127193255,20.8490536934252));
#3867=CARTESIAN_POINT('Origin',(-1.23411642079133,-34.686184881197,20.8490536934252));
#3868=CARTESIAN_POINT('',(5.93087924906244,-40.0000005960464,20.8490536934252));
#3869=CARTESIAN_POINT('',(5.93087924906244,-40.0000005960464,20.8490536934252));
#3870=CARTESIAN_POINT('',(5.93087924906244,-40.0000005960464,20.8490536934252));
#3871=CARTESIAN_POINT('',(17.1428645641074,-30.9999879217828,20.8490536757748));
#3872=CARTESIAN_POINT('',(12.0000001788139,-40.0000005960464,20.8490536934252));
#3873=CARTESIAN_POINT('',(17.0018497766703,-30.9999879217828,20.8490536757748));
#3874=CARTESIAN_POINT('',(14.2509249740168,-30.9999879188196,20.8490536934252));
#3875=CARTESIAN_POINT('',(17.0018497766703,-26.0000003874301,20.8490536934252));
#3876=CARTESIAN_POINT('',(17.0018497766703,-30.8479942203193,20.8490536934252));
#3877=CARTESIAN_POINT('',(15.7500069071939,-26.0000002980232,20.8490536934252));
#3878=CARTESIAN_POINT('',(6.01967853712889,-34.6826280884117,20.8490536934252));
#3879=CARTESIAN_POINT('Origin',(9.01967853712889,-34.6826280884117,20.8490536934252));
#3880=CARTESIAN_POINT('Origin',(20.0000002980232,-26.0000003874301,20.8490536934252));
#3881=CARTESIAN_POINT('',(17.3175370697627,-30.694311036886,17.8490536934252));
#3882=CARTESIAN_POINT('',(12.0000001788139,-40.0000005960464,17.8490536934252));
#3883=CARTESIAN_POINT('',(17.3175370697627,-30.694311036886,17.7133541578357));
#3884=CARTESIAN_POINT('',(17.3175370697628,-30.6943110368858,21.0125259788834));
#3885=CARTESIAN_POINT('',(20.0000003491129,-26.0000002980232,-4.37942415101028));
#3886=CARTESIAN_POINT('',(18.5008309166818,-28.6235468047776,7.96774129690668));
#3887=CARTESIAN_POINT('',(20.0000136430245,-25.9999770336779,-4.37942415101028));
#3888=CARTESIAN_POINT('',(33.1044668380576,-3.06718394237001,-4.37942415101028));
#3889=CARTESIAN_POINT('',(20.0000136430245,-25.9999770336777,49.9905382897352));
#3890=CARTESIAN_POINT('',(20.0000136430245,-25.9999770336778,38.6558492948457));
#3891=CARTESIAN_POINT('',(20.0018497766703,-25.9967637997977,50.2667426430972));
#3892=CARTESIAN_POINT('Ctrl Pts',(20.0000136430245,-25.9999767227125,49.9905383987589));
#3893=CARTESIAN_POINT('Ctrl Pts',(20.0000915775859,-25.9998385706892,50.067031040415));
#3894=CARTESIAN_POINT('Ctrl Pts',(20.0005134549599,-25.9990920612643,50.1434763425955));
#3895=CARTESIAN_POINT('Ctrl Pts',(20.0013129217829,-25.9976878298475,50.2199388017664));
#3896=CARTESIAN_POINT('Ctrl Pts',(20.0014760560617,-25.9974012910284,50.2355412605198));
#3897=CARTESIAN_POINT('Ctrl Pts',(20.0016549123992,-25.9970873390301,50.2511446058483));
#3898=CARTESIAN_POINT('Ctrl Pts',(20.0018497766703,-25.9967455068013,50.2667496363835));
#3899=CARTESIAN_POINT('',(20.0018497766703,-25.9967637997977,50.6509390413976));
#3900=CARTESIAN_POINT('',(20.0018497766703,-25.9967637997978,35.8166337445721));
#3901=CARTESIAN_POINT('',(19.2829061872438,-27.254915081294,43.1567154468554));
#3902=CARTESIAN_POINT('',(18.6021398253182,-28.4462562146639,11.3809622926294));
#3903=CARTESIAN_POINT('',(19.7566243487872,-26.4259082985932,11.3809622926294));
#3904=CARTESIAN_POINT('',(22.4604922251514,-21.6941395149559,11.3809622926294));
#3905=CARTESIAN_POINT('',(19.7566243487872,-26.4259082985932,8.93175063868117));
#3906=CARTESIAN_POINT('',(19.7566243487872,-26.4259082985932,16.6217242193055));
#3907=CARTESIAN_POINT('',(18.8995184634066,-27.9258435980093,8.93175063868117));
#3908=CARTESIAN_POINT('',(22.1374292375848,-22.2594997431974,8.93175063868117));
#3909=CARTESIAN_POINT('',(18.0549189284085,-29.4038927842559,15.8878757905553));
#3910=CARTESIAN_POINT('',(18.0424125780259,-29.4257788974254,15.9908781423794));
#3911=CARTESIAN_POINT('',(19.7566243487872,-26.4259082985932,15.9908781423794));
#3912=CARTESIAN_POINT('',(22.4604922251513,-21.6941395149559,15.9908781423794));
#3913=CARTESIAN_POINT('',(19.7566243487872,-26.4259082985932,13.3973839411669));
#3914=CARTESIAN_POINT('',(19.7566243487872,-26.4259082985932,18.8545408705483));
#3915=CARTESIAN_POINT('',(18.3573097296067,-28.8747088821591,13.3973839411669));
#3916=CARTESIAN_POINT('',(21.9330582533064,-22.6171489656846,13.3973839411669));
#3917=CARTESIAN_POINT('',(17.7789480163092,-29.8868418804297,18.1607733275451));
#3918=CARTESIAN_POINT('',(19.247918800877,-27.3161430074361,6.06232406434037));
#3919=CARTESIAN_POINT('',(19.7566243487872,-26.4259082985932,6.06232406434037));
#3920=CARTESIAN_POINT('',(22.4604922251514,-21.6941395149559,6.06232406434037));
#3921=CARTESIAN_POINT('',(19.7566243487872,-26.4259082985932,1.8726231349829));
#3922=CARTESIAN_POINT('',(19.7566243487872,-26.4259082985932,13.0921604674563));
#3923=CARTESIAN_POINT('',(18.3733172443055,-28.8466957314362,13.265545986016));
#3924=CARTESIAN_POINT('Origin',(-5.65938696285943,-30.0942845857526,20.8490536934252));
#3925=CARTESIAN_POINT('',(-5.90629601981028,-39.9401891616458,20.8490536934252));
#3926=CARTESIAN_POINT('',(-13.9441537668431,-35.4202061025992,20.8490536934252));
#3927=CARTESIAN_POINT('Origin',(-5.65938696285943,-30.0942845857526,20.8490536934252));
#3928=CARTESIAN_POINT('',(-13.9441537668431,-35.4202061025992,17.8490536934252));
#3929=CARTESIAN_POINT('',(-13.9441537668431,-35.4202061025992,20.8490536934252));
#3930=CARTESIAN_POINT('',(-5.90629601981028,-39.9401891616458,17.8490536934252));
#3931=CARTESIAN_POINT('Origin',(-5.65938696285943,-30.0942845857526,17.8490536934252));
#3932=CARTESIAN_POINT('',(-5.90629601981028,-39.9401891616458,20.8490536934252));
#3933=CARTESIAN_POINT('Origin',(-11.0384503717417,-39.9401891616458,20.8490536934252));
#3934=CARTESIAN_POINT('',(-17.0000002533196,-30.6666671236358,20.8490536769515));
#3935=CARTESIAN_POINT('',(-20.0000002980232,-26.0000003874301,20.8490536934252));
#3936=CARTESIAN_POINT('',(-17.0000002533196,-30.6666671236358,22.8344910605813));
#3937=CARTESIAN_POINT('',(-17.0000002533196,-30.6666671236357,35.8166337445721));
#3938=CARTESIAN_POINT('',(-20.0000002533196,-26.000000456969,50.6316597759409));
#3939=CARTESIAN_POINT('',(-19.2091495206457,-27.230212707795,43.303856027674));
#3940=CARTESIAN_POINT('',(-20.0000002533196,-26.0000002980232,-4.47803074746645));
#3941=CARTESIAN_POINT('',(-20.0000002533196,-26.0000004569691,35.8166337445721));
#3942=CARTESIAN_POINT('',(-17.0000002533196,-30.6666671236358,17.5793576769802));
#3943=CARTESIAN_POINT('',(-16.8077437766101,-30.9657327540728,18.992916223467));
#3944=CARTESIAN_POINT('',(-17.0000002533196,-30.6666671236358,17.8490536747379));
#3945=CARTESIAN_POINT('',(-17.0000002533196,-30.6666671236358,19.9123806141968));
#3946=CARTESIAN_POINT('',(-20.0000002980232,-26.0000003874301,17.8490536934252));
#3947=CARTESIAN_POINT('',(-19.3571431455868,-27.0000004023314,5.50000008195639));
#3948=CARTESIAN_POINT('',(-19.0440586300067,-27.4870207599003,5.50000008195639));
#3949=CARTESIAN_POINT('',(-22.0319237922282,-22.8392305075558,5.50000008195639));
#3950=CARTESIAN_POINT('',(-19.3571431455868,-27.0000004023314,3.19805790375071));
#3951=CARTESIAN_POINT('',(-18.1724777614498,-28.8428132220999,11.9082657840505));
#3952=CARTESIAN_POINT('',(-19.3571431455867,-27.0000004023314,14.9058489409431));
#3953=CARTESIAN_POINT('',(-19.3571431455867,-27.0000004023314,14.0180440642641));
#3954=CARTESIAN_POINT('',(-19.3571431455867,-27.0000004023314,16.0000002384186));
#3955=CARTESIAN_POINT('',(-19.3571431455867,-27.0000004023314,20.1558490191742));
#3956=CARTESIAN_POINT('',(-17.6159656510864,-29.7084987271097,16.0000002384186));
#3957=CARTESIAN_POINT('',(-21.526677900769,-23.6251685609368,16.0000002384186));
#3958=CARTESIAN_POINT('',(-17.8855292372446,-29.2891775930858,14.0180440642641));
#3959=CARTESIAN_POINT('',(-17.4494722457686,-29.9674884687151,17.2241367671253));
#3960=CARTESIAN_POINT('',(-22.142690155141,-22.6669272763581,14.0180440642641));
#3961=CARTESIAN_POINT('',(-19.3571431455868,-27.0000004023314,10.0000001490116));
#3962=CARTESIAN_POINT('',(-18.432018781898,-28.4390827458472,10.0000001490116));
#3963=CARTESIAN_POINT('',(-21.8153898387457,-23.1760611018619,10.0000001490116));
#3964=CARTESIAN_POINT('',(-18.7953438374981,-27.8739104371359,7.32866628142843));
#3965=CARTESIAN_POINT('',(-17.896465149615,-29.2721661738429,13.937638178026));
#3966=CARTESIAN_POINT('',(-19.3571431455868,-27.0000004023314,7.32866628142843));
#3967=CARTESIAN_POINT('',(-22.142690155141,-22.6669272763581,7.32866628142843));
#3968=CARTESIAN_POINT('',(-19.3571431455867,-27.0000004023314,17.1558489744707));
#3969=CARTESIAN_POINT('',(-18.0239922164922,-29.0737907364785,13.0000001937151));
#3970=CARTESIAN_POINT('',(-18.2960099267627,-28.6506520760576,11.0000001639128));
#3971=CARTESIAN_POINT('',(-17.6511418555215,-29.6537801868773,15.7413685123864));
#3972=CARTESIAN_POINT('',(-19.3571431455867,-27.0000004023314,11.0000001639128));
#3973=CARTESIAN_POINT('',(-22.142690155141,-22.6669272763581,11.0000001639128));
#3974=CARTESIAN_POINT('',(-19.3571431455867,-27.0000004023314,13.0000001937151));
#3975=CARTESIAN_POINT('',(-19.3571431455867,-27.0000004023314,18.6558489968224));
#3976=CARTESIAN_POINT('',(-21.6710338697573,-23.4006148313993,13.0000001937151));
#3977=CARTESIAN_POINT('Origin',(-11.3985263037907,-33.2180926343136,20.8490536934252));
#3978=CARTESIAN_POINT('',(-2.79705230955827,-40.436184881197,20.8490536934252));
#3979=CARTESIAN_POINT('',(-2.79705230955827,-40.436184881197,20.8490536934252));
#3980=CARTESIAN_POINT('',(-5.90629601981028,-34.686184881197,20.8490536934252));
#3981=CARTESIAN_POINT('Origin',(0.302229475487599,-35.0446421644451,20.8490536934252));
#3982=CARTESIAN_POINT('',(-2.95987373363352,-28.932927671167,20.8490536934252));
#3983=CARTESIAN_POINT('Origin',(0.396253126405554,-34.2828107475949,20.8490536934252));
#3984=CARTESIAN_POINT('',(-5.90629601981028,-28.5600859797785,20.8490536934252));
#3985=CARTESIAN_POINT('',(-2.93413327476102,-28.936184881197,20.8490536934252));
#3986=CARTESIAN_POINT('',(-17.0000002533197,-26.0000003874301,20.8490536934252));
#3987=CARTESIAN_POINT('',(-17.0000002533197,-26.0000003874301,20.8490536934252));
#3988=CARTESIAN_POINT('',(-17.0000002533196,-30.8522586423048,20.8490536934252));
#3989=CARTESIAN_POINT('',(-11.9788234967315,-34.6826280884117,20.8490536934252));
#3990=CARTESIAN_POINT('Origin',(-8.97882349673148,-34.6826280884117,20.8490536934252));
#3991=CARTESIAN_POINT('Origin',(17.0018497766703,-28.486424650296,35.8166337445721));
#3992=CARTESIAN_POINT('',(17.0018497766703,-26.0000002980232,50.6316607227074));
#3993=CARTESIAN_POINT('',(17.0018497766703,-26.0000002980232,15.7186047967809));
#3994=CARTESIAN_POINT('',(17.0018497766703,-30.9999879217828,20.8490536757748));
#3995=CARTESIAN_POINT('Ctrl Pts',(17.0018497766703,-26.0000002980232,49.964392417057));
#3996=CARTESIAN_POINT('Ctrl Pts',(20.0018497766703,-26.0000002980232,49.964392417057));
#3997=CARTESIAN_POINT('Ctrl Pts',(17.0018497766703,-26.0000002980232,50.2271930065605));
#3998=CARTESIAN_POINT('Ctrl Pts',(20.0018497766703,-26.0000002980232,50.2271930065605));
#3999=CARTESIAN_POINT('Ctrl Pts',(17.0018497766703,-25.992876531054,50.502193746469));
#4000=CARTESIAN_POINT('Ctrl Pts',(20.0018497766703,-25.992876531054,50.502193746469));
#4001=CARTESIAN_POINT('Ctrl Pts',(17.0018497766703,-25.974697512455,50.7823776797236));
#4002=CARTESIAN_POINT('Ctrl Pts',(20.0018497766703,-25.974697512455,50.7823776797236));
#4003=CARTESIAN_POINT('',(20.0000136430245,-25.974697512455,50.7823776797236));
#4004=CARTESIAN_POINT('Ctrl Pts',(20.0000136430245,-25.974697512455,50.7823776797236));
#4005=CARTESIAN_POINT('Ctrl Pts',(20.0000136430245,-25.9922745747884,50.5114713910912));
#4006=CARTESIAN_POINT('Ctrl Pts',(20.0000136430245,-25.9995164022674,50.2454107199374));
#4007=CARTESIAN_POINT('Ctrl Pts',(20.0000136430245,-25.9999767227125,49.9905383987588));
#4008=CARTESIAN_POINT('',(20.0018497766703,-25.974697512455,50.7823776797236));
#4009=CARTESIAN_POINT('',(17.0018497766703,-25.974697512455,50.7823776797236));
#4010=CARTESIAN_POINT('Ctrl Pts',(20.0018497766703,-25.9967637997977,50.2667426430972));
#4011=CARTESIAN_POINT('Ctrl Pts',(20.0018497766703,-25.9930764812693,50.4354734370825));
#4012=CARTESIAN_POINT('Ctrl Pts',(20.0018497766703,-25.9860170843163,50.6079113424031));
#4013=CARTESIAN_POINT('Ctrl Pts',(20.0018497766703,-25.9746984657962,50.7823629862127));
#4014=CARTESIAN_POINT('Origin',(20.0018497766703,-28.486424650296,35.8166337445721));
#4015=CARTESIAN_POINT('',(20.0018497766703,-30.9999879217828,20.8490536757748));
#4016=CARTESIAN_POINT('Origin',(17.0018497766703,-25.974697512455,50.7823776797236));
#4017=CARTESIAN_POINT('',(19.3597303573902,-26.0000002980232,50.6316607227074));
#4018=CARTESIAN_POINT('',(18.5009317098474,-26.0000002980232,50.6316607227074));
#4019=CARTESIAN_POINT('',(20.0000136430245,-25.983478398243,50.7300740160645));
#4020=CARTESIAN_POINT('',(20.0000136430245,-25.163621976041,55.6135784354237));
#4021=CARTESIAN_POINT('Ctrl Pts',(19.3597303573902,-26.0000002980232,50.6316607227074));
#4022=CARTESIAN_POINT('Ctrl Pts',(19.5526680979592,-26.0000002980232,50.6316607227074));
#4023=CARTESIAN_POINT('Ctrl Pts',(19.7831932590712,-25.9964411744961,50.6528607706707));
#4024=CARTESIAN_POINT('Ctrl Pts',(19.9764383644912,-25.9849883751064,50.7210797842919));
#4025=CARTESIAN_POINT('Ctrl Pts',(19.9881846200615,-25.9842565030629,50.7254392065787));
#4026=CARTESIAN_POINT('Ctrl Pts',(20.0000136430197,-25.9834783982418,50.7300740160767));
#4027=CARTESIAN_POINT('Ctrl Pts',(24.31617443433,-19.0000002980232,55.6160289529301));
#4028=CARTESIAN_POINT('Ctrl Pts',(21.1791886349353,-19.0000002980232,58.3871832687565));
#4029=CARTESIAN_POINT('Ctrl Pts',(17.0000136430086,-19.0000002980232,58.6205767874775));
#4030=CARTESIAN_POINT('Ctrl Pts',(24.31617443433,-26.0000002980232,55.6160289529301));
#4031=CARTESIAN_POINT('Ctrl Pts',(21.1791886349353,-26.0000002980232,58.3871832687565));
#4032=CARTESIAN_POINT('Ctrl Pts',(17.0000136430086,-26.0000002980232,58.6205767874775));
#4033=CARTESIAN_POINT('Ctrl Pts',(19.6817906541118,-26.0000002980232,50.3698411010084));
#4034=CARTESIAN_POINT('Ctrl Pts',(18.3645529773461,-26.0000002980232,51.5334641157007));
#4035=CARTESIAN_POINT('Ctrl Pts',(16.6096942979649,-26.0000002980232,51.6314673442877));
#4036=CARTESIAN_POINT('',(20.0000136430245,-19.0000002980232,58.0668112473025));
#4037=CARTESIAN_POINT('Ctrl Pts',(20.0000136430245,-19.0000002980232,58.0668112473025));
#4038=CARTESIAN_POINT('Ctrl Pts',(20.0000136430245,-19.4316603454467,58.0668112473025));
#4039=CARTESIAN_POINT('Ctrl Pts',(20.0000136430245,-19.9027383515816,58.0221160814858));
#4040=CARTESIAN_POINT('Ctrl Pts',(20.0000136430245,-20.8235039622449,57.8299875157646));
#4041=CARTESIAN_POINT('Ctrl Pts',(20.0000136430245,-21.2731955101131,57.6825730145844));
#4042=CARTESIAN_POINT('Ctrl Pts',(20.0000136430245,-22.0750893689135,57.3336874582134));
#4043=CARTESIAN_POINT('Ctrl Pts',(20.0000136430245,-22.4995437084222,57.0982333593859));
#4044=CARTESIAN_POINT('Ctrl Pts',(20.0000136430245,-23.2860301594789,56.5391898573105));
#4045=CARTESIAN_POINT('Ctrl Pts',(20.0000136430245,-23.6481054182518,56.2156611579155));
#4046=CARTESIAN_POINT('Ctrl Pts',(20.0000136430245,-24.249530770537,55.5692108785448));
#4047=CARTESIAN_POINT('Ctrl Pts',(20.0000136430245,-24.5444428167927,55.1872971576472));
#4048=CARTESIAN_POINT('Ctrl Pts',(20.0000136430245,-25.0491688523704,54.370392101751));
#4049=CARTESIAN_POINT('Ctrl Pts',(20.0000136430245,-25.2591430274736,53.9354997486329));
#4050=CARTESIAN_POINT('Ctrl Pts',(20.0000136430245,-25.6166875329643,53.0073872999608));
#4051=CARTESIAN_POINT('Ctrl Pts',(20.0000136430245,-25.7747076458447,52.4211571812375));
#4052=CARTESIAN_POINT('Ctrl Pts',(20.0000136430245,-25.9287460650998,51.4582986124325));
#4053=CARTESIAN_POINT('Ctrl Pts',(20.0000136430245,-25.9649724755222,51.0888299782157));
#4054=CARTESIAN_POINT('Ctrl Pts',(20.0000136430245,-25.9834783982422,50.7300740160643));
#4055=CARTESIAN_POINT('',(17.0000136430245,-19.0000002980232,58.6205767877629));
#4056=CARTESIAN_POINT('Origin',(16.3271588520597,-19.0000002980232,46.5723505516245));
#4057=CARTESIAN_POINT('',(17.0000136430245,-26.0000002980232,51.5944771360781));
#4058=CARTESIAN_POINT('Ctrl Pts',(17.0000136430245,-19.0000002980232,58.6205767874766));
#4059=CARTESIAN_POINT('Ctrl Pts',(17.0000136430245,-19.4319387404519,58.6205767874766));
#4060=CARTESIAN_POINT('Ctrl Pts',(17.0000136430245,-19.9036607515077,58.5778947068332));
#4061=CARTESIAN_POINT('Ctrl Pts',(17.0000136430245,-20.8274491611188,58.3938598053515));
#4062=CARTESIAN_POINT('Ctrl Pts',(17.0000136430245,-21.2795156713217,58.2525075449443));
#4063=CARTESIAN_POINT('Ctrl Pts',(17.0000136430245,-22.0777612148922,57.921343067944));
#4064=CARTESIAN_POINT('Ctrl Pts',(17.0000136430245,-22.4974357166733,57.7009674427807));
#4065=CARTESIAN_POINT('Ctrl Pts',(17.0000136430245,-23.2807688001363,57.1765370359508));
#4066=CARTESIAN_POINT('Ctrl Pts',(17.0000136430245,-23.6444285610623,56.872484015704));
#4067=CARTESIAN_POINT('Ctrl Pts',(17.0000136430245,-24.2550765976794,56.2604536132679));
#4068=CARTESIAN_POINT('Ctrl Pts',(17.0000136430245,-24.5583122041832,55.8960950913658));
#4069=CARTESIAN_POINT('Ctrl Pts',(17.0000136430245,-25.0811581555929,55.1116247190432));
#4070=CARTESIAN_POINT('Ctrl Pts',(17.0000136430245,-25.3007730079209,54.6915158728084));
#4071=CARTESIAN_POINT('Ctrl Pts',(17.0000136430245,-25.6319360362704,53.8900820748708));
#4072=CARTESIAN_POINT('Ctrl Pts',(17.0000136430245,-25.7735142142316,53.4347294842767));
#4073=CARTESIAN_POINT('Ctrl Pts',(17.0000136430245,-25.9575398593527,52.5043607344223));
#4074=CARTESIAN_POINT('Ctrl Pts',(17.0000136430245,-26.0000002980232,52.0293471409557));
#4075=CARTESIAN_POINT('Ctrl Pts',(17.0000136430245,-26.0000002980232,51.5944771360781));
#4076=CARTESIAN_POINT('Origin',(16.3271588520597,-26.0000002980232,46.5723505516245));
#4077=CARTESIAN_POINT('Origin',(20.0000136430245,19.9925452613288,53.0000007897615));
#4078=CARTESIAN_POINT('',(20.000006947039,19.9925452613285,-4.37942415101028));
#4079=CARTESIAN_POINT('',(20.0000136430245,-20.0000002980232,-4.37942415101028));
#4080=CARTESIAN_POINT('',(20.000006947355,22.9925452613285,-4.37942415101028));
#4081=CARTESIAN_POINT('',(20.0000136430245,19.9925452613287,-4.37942415101028));
#4082=CARTESIAN_POINT('',(20.0000069489895,22.9925452613286,45.0680007897615));
#4083=CARTESIAN_POINT('',(20.0000136430246,22.9925452613287,25.3712810586533));
#4084=CARTESIAN_POINT('',(20.000006947355,28.9925452613289,45.0680007897615));
#4085=CARTESIAN_POINT('',(20.0000136430246,9.99440887149069,45.0680007897615));
#4086=CARTESIAN_POINT('',(20.0000136430245,28.9925452613289,50.7023351919073));
#4087=CARTESIAN_POINT('',(20.0000136430245,28.9925452613289,51.8511679908344));
#4088=CARTESIAN_POINT('',(20.0000136430245,32.9925452613318,50.7023351919072));
#4089=CARTESIAN_POINT('',(20.0000136430245,26.4925452613303,50.7023351919073));
#4090=CARTESIAN_POINT('',(20.0000069489895,32.9925452613318,45.0680007897615));
#4091=CARTESIAN_POINT('',(20.0000136430245,32.9925452613318,48.2291679908344));
#4092=CARTESIAN_POINT('',(20.0000069489895,34.9925452613286,45.0680007897615));
#4093=CARTESIAN_POINT('',(20.0000136430246,9.99440887149069,45.0680007897615));
#4094=CARTESIAN_POINT('',(20.0000136430245,34.9925452613286,58.0668112473025));
#4095=CARTESIAN_POINT('',(20.0000136430245,34.9925452613286,53.0000007897615));
#4096=CARTESIAN_POINT('',(20.0000136430245,10.9944088714907,58.0668112473025));
#4097=CARTESIAN_POINT('',(20.0000136430245,-15.0000002235174,-0.379424091405633));
#4098=CARTESIAN_POINT('',(20.0000136430245,15.0000002235174,-0.379424091405633));
#4099=CARTESIAN_POINT('',(20.0000136430245,-15.0000002235174,-0.379424091405633));
#4100=CARTESIAN_POINT('',(20.0000136430245,-15.0000002235174,30.6205763705304));
#4101=CARTESIAN_POINT('',(20.0000136430245,-15.0000002235174,30.6205763705304));
#4102=CARTESIAN_POINT('',(20.0000136430245,15.0000002235174,30.6205763705304));
#4103=CARTESIAN_POINT('',(20.0000136430245,15.0000002235174,30.6205763705304));
#4104=CARTESIAN_POINT('',(20.0000136430245,15.0000002235174,-0.379424091405633));
#4105=CARTESIAN_POINT('',(20.0000136430245,-15.6519351530054,-1.85820219321932));
#4106=CARTESIAN_POINT('Origin',(20.0000136430245,-17.6519351530054,-1.85820219321932));
#4107=CARTESIAN_POINT('',(20.0000136430245,19.3480648469946,33.1417978067807));
#4108=CARTESIAN_POINT('Origin',(20.0000136430245,17.3480648469946,33.1417978067807));
#4109=CARTESIAN_POINT('',(20.0000136430245,19.3480648469946,-1.85820219321932));
#4110=CARTESIAN_POINT('Origin',(20.0000136430245,17.3480648469946,-1.85820219321932));
#4111=CARTESIAN_POINT('',(20.0000136430245,-15.6519351530054,33.1417978067807));
#4112=CARTESIAN_POINT('Origin',(20.0000136430245,-17.6519351530054,33.1417978067807));
#4113=CARTESIAN_POINT('Origin',(-20.0000002533196,-25.974697512455,50.7823776797236));
#4114=CARTESIAN_POINT('',(-20.0000002533196,-25.974697512455,50.7823776797236));
#4115=CARTESIAN_POINT('',(-19.2230420686267,-26.0000002980232,50.6316607227074));
#4116=CARTESIAN_POINT('Ctrl Pts',(-20.0000002533196,-25.974697512455,50.7823776797236));
#4117=CARTESIAN_POINT('Ctrl Pts',(-19.9501963507365,-25.9791872632526,50.7556343167783));
#4118=CARTESIAN_POINT('Ctrl Pts',(-19.8981165455909,-25.9828511291864,50.733810366883));
#4119=CARTESIAN_POINT('Ctrl Pts',(-19.6607314791403,-25.9965888660962,50.6519810403148));
#4120=CARTESIAN_POINT('Ctrl Pts',(-19.4223958936618,-26.0000002980232,50.6316607227074));
#4121=CARTESIAN_POINT('Ctrl Pts',(-19.2230420686267,-26.0000002980232,50.6316607227074));
#4122=CARTESIAN_POINT('',(-20.0000002533196,-30.9999879217828,20.8490536757748));
#4123=CARTESIAN_POINT('',(-17.0000002533196,-26.0000002980232,50.6316607227074));
#4124=CARTESIAN_POINT('',(-17.0000002533196,-30.9999879217828,20.8490536757748));
#4125=CARTESIAN_POINT('',(-18.5000002533196,-26.0000002980232,50.6316607227074));
#4126=CARTESIAN_POINT('Ctrl Pts',(-17.0000002533037,-19.0000002980232,58.5219701910213));
#4127=CARTESIAN_POINT('Ctrl Pts',(-21.0604312192517,-19.0000002980232,58.2952081452834));
#4128=CARTESIAN_POINT('Ctrl Pts',(-24.1553234022913,-19.0000002980232,55.6569960556331));
#4129=CARTESIAN_POINT('Ctrl Pts',(-17.0000002533037,-26.0000002980232,58.5219701910213));
#4130=CARTESIAN_POINT('Ctrl Pts',(-21.0604312192517,-26.0000002980232,58.2952081452834));
#4131=CARTESIAN_POINT('Ctrl Pts',(-24.1553234022913,-26.0000002980232,55.6569960556331));
#4132=CARTESIAN_POINT('Ctrl Pts',(-16.6096809082599,-26.0000002980232,51.5328607478315));
#4133=CARTESIAN_POINT('Ctrl Pts',(-18.3146783147784,-26.0000002980232,51.4376421114054));
#4134=CARTESIAN_POINT('Ctrl Pts',(-19.6142406493654,-26.0000002980232,50.3298422723188));
#4135=CARTESIAN_POINT('',(-17.0000002533196,-26.0000002980232,51.4958705396219));
#4136=CARTESIAN_POINT('Origin',(-16.3271454623547,-26.0000002980232,46.4737439551683));
#4137=CARTESIAN_POINT('',(-17.0000002533196,-19.0000002980232,58.5219701913067));
#4138=CARTESIAN_POINT('Ctrl Pts',(-17.0000002533196,-26.0000002980232,51.4958705396219));
#4139=CARTESIAN_POINT('Ctrl Pts',(-17.0000002533196,-26.0000002980232,51.9307405444995));
#4140=CARTESIAN_POINT('Ctrl Pts',(-17.0000002533196,-25.9575398593527,52.4057541379661));
#4141=CARTESIAN_POINT('Ctrl Pts',(-17.0000002533196,-25.8655270367922,52.8709385128933));
#4142=CARTESIAN_POINT('Ctrl Pts',(-17.0000002533196,-25.7735142142316,53.3361228878205));
#4143=CARTESIAN_POINT('Ctrl Pts',(-17.0000002533196,-25.6319360362704,53.7914754784146));
#4144=CARTESIAN_POINT('Ctrl Pts',(-17.0000002533196,-25.4658617246446,54.1933849758892));
#4145=CARTESIAN_POINT('Ctrl Pts',(-17.0000002533196,-25.3007730079209,54.5929092763522));
#4146=CARTESIAN_POINT('Ctrl Pts',(-17.0000002533196,-25.0811581555929,55.013018122587));
#4147=CARTESIAN_POINT('Ctrl Pts',(-17.0000002533196,-24.8197351798881,55.4052533087483));
#4148=CARTESIAN_POINT('Ctrl Pts',(-17.0000002533196,-24.5583122041832,55.7974884949097));
#4149=CARTESIAN_POINT('Ctrl Pts',(-17.0000002533196,-24.2550765976794,56.1618470168117));
#4150=CARTESIAN_POINT('Ctrl Pts',(-17.0000002533196,-23.9497477663291,56.4678670419672));
#4151=CARTESIAN_POINT('Ctrl Pts',(-17.0000002533196,-23.6444285610623,56.7738774192479));
#4152=CARTESIAN_POINT('Ctrl Pts',(-17.0000002533196,-23.2807688001363,57.0779304394947));
#4153=CARTESIAN_POINT('Ctrl Pts',(-17.0000002533196,-22.8891022584048,57.3401456429096));
#4154=CARTESIAN_POINT('Ctrl Pts',(-17.0000002533196,-22.4974357166733,57.6023608463245));
#4155=CARTESIAN_POINT('Ctrl Pts',(-17.0000002533196,-22.0777612148922,57.8227364714878));
#4156=CARTESIAN_POINT('Ctrl Pts',(-17.0000002533196,-21.6784827465487,57.9883833031068));
#4157=CARTESIAN_POINT('Ctrl Pts',(-17.0000002533196,-21.2795156713217,58.1539009484881));
#4158=CARTESIAN_POINT('Ctrl Pts',(-17.0000002533196,-20.8274491611188,58.2952532088954));
#4159=CARTESIAN_POINT('Ctrl Pts',(-17.0000002533196,-20.3655549563132,58.3872706596362));
#4160=CARTESIAN_POINT('Ctrl Pts',(-17.0000002533196,-19.9036607515077,58.479288110377));
#4161=CARTESIAN_POINT('Ctrl Pts',(-17.0000002533196,-19.4319387404519,58.5219701910204));
#4162=CARTESIAN_POINT('Ctrl Pts',(-17.0000002533196,-19.0000002980232,58.5219701910204));
#4163=CARTESIAN_POINT('',(-20.0000002533196,-19.0000002980232,57.9682046508463));
#4164=CARTESIAN_POINT('Origin',(-16.3271454623547,-19.0000002980232,46.4737439551683));
#4165=CARTESIAN_POINT('Ctrl Pts',(-20.0000002533196,-25.974697512455,50.7823776797236));
#4166=CARTESIAN_POINT('Ctrl Pts',(-20.0000002533196,-25.9545202765341,51.0933591164672));
#4167=CARTESIAN_POINT('Ctrl Pts',(-20.0000002533196,-25.9205831198357,51.4107167008066));
#4168=CARTESIAN_POINT('Ctrl Pts',(-20.0000002533196,-25.7747076458447,52.3225505847813));
#4169=CARTESIAN_POINT('Ctrl Pts',(-20.0000002533196,-25.6166875329643,52.9087807035046));
#4170=CARTESIAN_POINT('Ctrl Pts',(-20.0000002533196,-25.2591430274736,53.8368931521767));
#4171=CARTESIAN_POINT('Ctrl Pts',(-20.0000002533196,-25.0491688523704,54.2717855052948));
#4172=CARTESIAN_POINT('Ctrl Pts',(-20.0000002533196,-24.5444428167927,55.088690561191));
#4173=CARTESIAN_POINT('Ctrl Pts',(-20.0000002533196,-24.249530770537,55.4706042820887));
#4174=CARTESIAN_POINT('Ctrl Pts',(-20.0000002533196,-23.6481054182518,56.1170545614593));
#4175=CARTESIAN_POINT('Ctrl Pts',(-20.0000002533196,-23.2860301594789,56.4405832608544));
#4176=CARTESIAN_POINT('Ctrl Pts',(-20.0000002533196,-22.4995437084222,56.9996267629297));
#4177=CARTESIAN_POINT('Ctrl Pts',(-20.0000002533196,-22.0750893689135,57.2350808617572));
#4178=CARTESIAN_POINT('Ctrl Pts',(-20.0000002533196,-21.2731955101131,57.5839664181282));
#4179=CARTESIAN_POINT('Ctrl Pts',(-20.0000002533196,-20.8235039622449,57.7313809193084));
#4180=CARTESIAN_POINT('Ctrl Pts',(-20.0000002533196,-19.9027383515816,57.9235094850296));
#4181=CARTESIAN_POINT('Ctrl Pts',(-20.0000002533196,-19.4316603454467,57.9682046508463));
#4182=CARTESIAN_POINT('Ctrl Pts',(-20.0000002533196,-19.0000002980232,57.9682046508463));
#4183=CARTESIAN_POINT('Origin',(-20.0000002533196,-27.0000004023314,3.19805790375071));
#4184=CARTESIAN_POINT('',(-17.0000002533196,-27.4870207599003,5.50000008195639));
#4185=CARTESIAN_POINT('',(-20.0000002533196,-27.4870207599003,5.50000008195639));
#4186=CARTESIAN_POINT('',(-17.0000002533196,-27.0000004023314,3.19805790375071));
#4187=CARTESIAN_POINT('',(-17.0000002533196,-27.4870207599003,5.50000008195639));
#4188=CARTESIAN_POINT('',(-20.0000002533196,-27.0000004023314,3.19805790375071));
#4189=CARTESIAN_POINT('Origin',(-20.0000002533196,-27.4870207599003,5.50000008195639));
#4190=CARTESIAN_POINT('',(-17.0000002533196,-27.0000004023314,5.50000008195639));
#4191=CARTESIAN_POINT('',(-20.0000002533196,-27.0000004023314,5.50000008195639));
#4192=CARTESIAN_POINT('',(-17.0000002533196,-27.0000004023314,5.50000008195639));
#4193=CARTESIAN_POINT('Origin',(-20.0000002533196,-29.7084987271097,16.0000002384186));
#4194=CARTESIAN_POINT('',(-17.0000002533196,-27.0000004023314,16.0000002384186));
#4195=CARTESIAN_POINT('',(-20.0000002533196,-27.0000004023314,16.0000002384186));
#4196=CARTESIAN_POINT('',(-17.0000002533196,-29.7084987271097,16.0000002384186));
#4197=CARTESIAN_POINT('',(-17.0000002533196,-29.0000004321337,16.0000002384186));
#4198=CARTESIAN_POINT('',(-20.0000002533196,-29.7084987271097,16.0000002384186));
#4199=CARTESIAN_POINT('Origin',(-20.0000002533196,-27.0000004023314,16.0000002384186));
#4200=CARTESIAN_POINT('',(-17.0000002533196,-27.0000004023314,14.0180440642641));
#4201=CARTESIAN_POINT('',(-20.0000002533196,-27.0000004023314,14.0180440642641));
#4202=CARTESIAN_POINT('',(-17.0000002533196,-27.0000004023314,14.0180440642641));
#4203=CARTESIAN_POINT('Origin',(-20.0000002533196,-27.8739104371359,7.32866628142843));
#4204=CARTESIAN_POINT('',(-17.0000002533196,-28.4390827458472,10.0000001490116));
#4205=CARTESIAN_POINT('',(-20.0000002533196,-28.4390827458472,10.0000001490116));
#4206=CARTESIAN_POINT('',(-17.0000002533196,-27.8739104371359,7.32866628142843));
#4207=CARTESIAN_POINT('',(-17.0000002533196,-28.4390827458472,10.0000001490116));
#4208=CARTESIAN_POINT('',(-20.0000002533196,-27.8739104371359,7.32866628142843));
#4209=CARTESIAN_POINT('Origin',(-20.0000002533196,-28.4390827458472,10.0000001490116));
#4210=CARTESIAN_POINT('',(-17.0000002533196,-27.0000004023314,10.0000001490116));
#4211=CARTESIAN_POINT('',(-20.0000002533196,-27.0000004023314,10.0000001490116));
#4212=CARTESIAN_POINT('',(-17.0000002533196,-27.0000004023314,10.0000001490116));
#4213=CARTESIAN_POINT('Origin',(-20.0000002533196,-27.0000004023314,11.0000001639128));
#4214=CARTESIAN_POINT('',(-17.0000002533196,-28.6506520760576,11.0000001639128));
#4215=CARTESIAN_POINT('',(-20.0000002533196,-28.6506520760576,11.0000001639128));
#4216=CARTESIAN_POINT('',(-17.0000002533196,-27.0000004023314,11.0000001639128));
#4217=CARTESIAN_POINT('',(-17.0000002533196,-27.0000004023314,11.0000001639128));
#4218=CARTESIAN_POINT('',(-20.0000002533196,-27.0000004023314,11.0000001639128));
#4219=CARTESIAN_POINT('Origin',(-20.0000002533196,-28.6506520760576,11.0000001639128));
#4220=CARTESIAN_POINT('',(-17.0000002533196,-29.0737907364785,13.0000001937151));
#4221=CARTESIAN_POINT('',(-20.0000002533196,-29.0737907364785,13.0000001937151));
#4222=CARTESIAN_POINT('',(-17.0000002533196,-29.0737907364785,13.0000001937151));
#4223=CARTESIAN_POINT('Origin',(-20.0000002533196,-30.7237265243432,17.8490536745094));
#4224=CARTESIAN_POINT('',(-17.0000002533196,-26.0000002980232,-4.47803074746645));
#4225=CARTESIAN_POINT('',(-17.0000002533196,-26.0000002980232,-4.47803074746645));
#4226=CARTESIAN_POINT('',(-17.0000002533196,-30.7237265243432,17.8490536745094));
#4227=CARTESIAN_POINT('Origin',(-20.0000002533196,1.49627248165271,9.99109402691852));
#4228=CARTESIAN_POINT('',(-20.0000002533197,34.9925452613288,57.9682046508463));
#4229=CARTESIAN_POINT('',(-20.0000002533196,1.74627248165275,57.9682046508463));
#4230=CARTESIAN_POINT('',(-20.0000002533184,34.9925452613319,33.8653351919072));
#4231=CARTESIAN_POINT('',(-20.0000002533197,34.9925452613288,57.0000007897615));
#4232=CARTESIAN_POINT('',(-20.0000002533184,32.9925452613319,33.8653351919072));
#4233=CARTESIAN_POINT('',(-20.0000002533184,32.9925452613319,33.8653351919072));
#4234=CARTESIAN_POINT('',(-20.0000002533184,32.9925452613319,41.0292012327566));
#4235=CARTESIAN_POINT('',(-20.0000002533184,32.9925452613319,42.6633351919072));
#4236=CARTESIAN_POINT('',(-20.0000002533177,28.9925452613289,41.0292012327566));
#4237=CARTESIAN_POINT('',(-20.0000002533196,18.2444088714908,41.0292012327566));
#4238=CARTESIAN_POINT('',(-20.0000002533179,28.9925452613289,33.8652172746426));
#4239=CARTESIAN_POINT('',(-20.0000002533196,28.9925452613289,23.7191516403091));
#4240=CARTESIAN_POINT('',(-20.0000002533179,34.9925452613289,33.8652172746426));
#4241=CARTESIAN_POINT('',(-20.0000002533196,18.2444088714908,33.8652172746426));
#4242=CARTESIAN_POINT('',(-20.0000002533195,34.9925452613288,33.0000005662441));
#4243=CARTESIAN_POINT('',(-20.0000002533195,34.9925452613288,53.0000007897615));
#4244=CARTESIAN_POINT('',(-20.0000002533196,22.9925452613288,33.0000005662441));
#4245=CARTESIAN_POINT('',(-20.0000002533196,22.9925452613288,33.0000005662441));
#4246=CARTESIAN_POINT('',(-20.0000002533196,22.9925452613287,-10.0000002533197));
#4247=CARTESIAN_POINT('',(-20.0000002533196,22.9925452613287,-17.0000002533197));
#4248=CARTESIAN_POINT('',(-20.0000002533196,20.0000002980236,-10.0000001490116));
#4249=CARTESIAN_POINT('',(-20.0000002533196,-20.0000002980232,-10.0000001490116));
#4250=CARTESIAN_POINT('',(-20.0000002533196,20.0000002980236,-5.23916307398045));
#4251=CARTESIAN_POINT('',(-20.0000002533196,20.0000002980236,-3.7935992194011));
#4252=CARTESIAN_POINT('',(-20.0000002533196,19.9925452613287,-5.23916307398046));
#4253=CARTESIAN_POINT('',(-20.0000002533196,10.7481363898381,-5.23916307398045));
#4254=CARTESIAN_POINT('',(-20.0000002533196,19.9925452613287,-4.47803074746645));
#4255=CARTESIAN_POINT('',(-20.0000002533196,19.9925452613288,16.7455471475697));
#4256=CARTESIAN_POINT('',(-20.0000002533196,-20.0000002980232,-4.47803074746645));
#4257=CARTESIAN_POINT('',(-20.0000002533196,-15.6519351530054,33.0431912103245));
#4258=CARTESIAN_POINT('Origin',(-20.0000002533196,-17.6519351530054,33.0431912103245));
#4259=CARTESIAN_POINT('',(-20.0000002533196,19.3480648469946,-1.95680878967549));
#4260=CARTESIAN_POINT('Origin',(-20.0000002533196,17.3480648469946,-1.95680878967549));
#4261=CARTESIAN_POINT('',(-20.0000002533196,19.3480648469946,33.0431912103245));
#4262=CARTESIAN_POINT('Origin',(-20.0000002533196,17.3480648469946,33.0431912103245));
#4263=CARTESIAN_POINT('',(-20.0000002533196,-15.6519351530054,-1.95680878967549));
#4264=CARTESIAN_POINT('Origin',(-20.0000002533196,-17.6519351530054,-1.95680878967549));
#4265=CARTESIAN_POINT('',(-20.0000002533196,-15.0000002235174,-0.478030687861801));
#4266=CARTESIAN_POINT('',(-20.0000002533196,15.0000002235174,-0.478030687861801));
#4267=CARTESIAN_POINT('',(-20.0000002533196,-15.0000002235174,-0.478030687861801));
#4268=CARTESIAN_POINT('',(-20.0000002533196,15.0000002235174,30.5219697740742));
#4269=CARTESIAN_POINT('',(-20.0000002533196,15.0000002235174,-0.478030687861801));
#4270=CARTESIAN_POINT('',(-20.0000002533196,-15.0000002235174,30.5219697740742));
#4271=CARTESIAN_POINT('',(-20.0000002533196,15.0000002235174,30.5219697740742));
#4272=CARTESIAN_POINT('',(-20.0000002533196,-15.0000002235174,30.5219697740742));
#4273=CARTESIAN_POINT('',(-20.0000002533184,32.9925452613319,43.4583351919072));
#4274=CARTESIAN_POINT('',(-20.0000002533184,32.9925452613319,50.7023351919072));
#4275=CARTESIAN_POINT('',(-20.0000002533184,32.9925452613319,42.6633351919072));
#4276=CARTESIAN_POINT('',(-20.0000002533179,28.9925452613289,50.7023351919073));
#4277=CARTESIAN_POINT('',(-20.0000002533196,18.2444088714908,50.7023351919073));
#4278=CARTESIAN_POINT('',(-20.0000002533179,28.9925452613289,43.4583351919072));
#4279=CARTESIAN_POINT('',(-20.0000002533196,28.9925452613289,28.5272146094129));
#4280=CARTESIAN_POINT('',(-20.0000002533196,18.2444088714908,43.4583351919072));
#4281=CARTESIAN_POINT('Origin',(-20.0000002533196,-27.0000004023314,5.50000008195639));
#4282=CARTESIAN_POINT('',(-17.0000002533196,-27.0000004023314,5.50000008195639));
#4283=CARTESIAN_POINT('Origin',(-20.0000002533196,-29.2891775930858,14.0180440642641));
#4284=CARTESIAN_POINT('',(-17.0000002533196,-29.2891775930858,14.0180440642641));
#4285=CARTESIAN_POINT('',(-17.0000002533196,-29.7084987271097,16.0000002384186));
#4286=CARTESIAN_POINT('',(-20.0000002533196,-29.2891775930858,14.0180440642641));
#4287=CARTESIAN_POINT('Origin',(-20.0000002533196,-27.0000004023314,14.0180440642641));
#4288=CARTESIAN_POINT('',(-17.0000002533196,-28.5806792981098,14.0180440642641));
#4289=CARTESIAN_POINT('Origin',(-20.0000002533196,-27.0000004023314,7.32866628142843));
#4290=CARTESIAN_POINT('',(-17.0000002533196,-27.0000004023314,7.32866628142843));
#4291=CARTESIAN_POINT('',(-17.0000002533196,-27.0000004023314,7.32866628142843));
#4292=CARTESIAN_POINT('',(-20.0000002533196,-27.0000004023314,7.32866628142843));
#4293=CARTESIAN_POINT('Origin',(-20.0000002533196,-27.0000004023314,10.0000001490116));
#4294=CARTESIAN_POINT('',(-17.0000002533196,-27.0000004023314,10.0000001490116));
#4295=CARTESIAN_POINT('Origin',(-20.0000002533196,-27.0000004023314,13.0000001937151));
#4296=CARTESIAN_POINT('',(-17.0000002533196,-27.0000004023314,13.0000001937151));
#4297=CARTESIAN_POINT('',(-17.0000002533196,-27.0000004023314,13.0000001937151));
#4298=CARTESIAN_POINT('',(-20.0000002533196,-27.0000004023314,13.0000001937151));
#4299=CARTESIAN_POINT('Origin',(-20.0000002533196,-29.0737907364785,13.0000001937151));
#4300=CARTESIAN_POINT('',(-17.0000002533196,-29.0000004321337,13.0000001937151));
#4301=CARTESIAN_POINT('Origin',(-11.3985263037907,-33.2180926343136,17.8490536934252));
#4302=CARTESIAN_POINT('',(-17.0000002533197,-26.0000003874301,17.8490536934252));
#4303=CARTESIAN_POINT('',(-17.0000002533196,-30.7899780227484,17.8490536934252));
#4304=CARTESIAN_POINT('',(-5.90629601981028,-28.5600859797785,17.8490536934252));
#4305=CARTESIAN_POINT('',(-17.0000002533197,-26.0000003874301,17.8490536934252));
#4306=CARTESIAN_POINT('',(-2.95987373363352,-28.932927671167,17.8490536934252));
#4307=CARTESIAN_POINT('',(-2.93413327476102,-28.936184881197,17.8490536934252));
#4308=CARTESIAN_POINT('',(-5.90629601981028,-34.686184881197,17.8490536934252));
#4309=CARTESIAN_POINT('Origin',(0.396253126405554,-34.2828107475949,17.8490536934252));
#4310=CARTESIAN_POINT('',(-2.79705230955827,-40.436184881197,17.8490536934252));
#4311=CARTESIAN_POINT('Origin',(0.302229475487599,-35.0446421644451,17.8490536934252));
#4312=CARTESIAN_POINT('',(-2.79705230955827,-40.436184881197,17.8490536934252));
#4313=CARTESIAN_POINT('',(-10.9788234967315,-34.6826280884117,17.8490536934252));
#4314=CARTESIAN_POINT('Origin',(-8.97882349673148,-34.6826280884117,17.8490536934252));
#4315=CARTESIAN_POINT('Origin',(9.01967853712889,-34.6826280884117,20.3490536934252));
#4316=CARTESIAN_POINT('',(7.01967853712889,-34.6826280884117,19.8490536934252));
#4317=CARTESIAN_POINT('',(6.51967853712889,-34.6826280884117,20.3490536934252));
#4318=CARTESIAN_POINT('Origin',(9.01967853712889,-34.6826280884117,19.8490536934252));
#4319=CARTESIAN_POINT('Origin',(9.01967853712889,-34.6826280884117,17.8490536934252));
#4320=CARTESIAN_POINT('',(7.01967853712889,-34.6826280884117,17.8490536934252));
#4321=CARTESIAN_POINT('Origin',(9.01967853712889,-34.6826280884117,17.8490536934252));
#4322=CARTESIAN_POINT('',(7.01967853712889,-34.6826280884117,17.8490536934252));
#4323=CARTESIAN_POINT('Origin',(-8.97882349673148,-34.6826280884117,20.3490536934252));
#4324=CARTESIAN_POINT('',(-10.9788234967315,-34.6826280884117,19.8490536934252));
#4325=CARTESIAN_POINT('',(-11.4788234967315,-34.6826280884117,20.3490536934252));
#4326=CARTESIAN_POINT('Origin',(-8.97882349673148,-34.6826280884117,19.8490536934252));
#4327=CARTESIAN_POINT('Origin',(-8.97882349673148,-34.6826280884117,17.8490536934252));
#4328=CARTESIAN_POINT('',(-10.9788234967315,-34.6826280884117,17.8490536934252));
#4329=CARTESIAN_POINT('Origin',(-1.23411642079133,-34.686184881197,20.8490536934252));
#4330=CARTESIAN_POINT('',(5.93087924906243,-34.686184881197,17.8490536934252));
#4331=CARTESIAN_POINT('',(5.93087924906243,-34.686184881197,20.8490536934252));
#4332=CARTESIAN_POINT('',(3.06361965714997,-40.419127193255,17.8490536934252));
#4333=CARTESIAN_POINT('Origin',(-1.23411642079133,-34.686184881197,17.8490536934252));
#4334=CARTESIAN_POINT('',(3.06361965714997,-40.419127193255,20.8490536934252));
#4335=CARTESIAN_POINT('Origin',(5.93087924906244,-40.0000005960464,20.8490536934252));
#4336=CARTESIAN_POINT('',(5.93087924906244,-40.0000005960464,17.8490536934252));
#4337=CARTESIAN_POINT('',(5.93087924906244,-40.0000005960464,17.8490536934252));
#4338=CARTESIAN_POINT('',(5.93087924906244,-40.0000005960464,20.8490536934252));
#4339=CARTESIAN_POINT('Origin',(12.0000001788139,-40.0000005960464,20.8490536934252));
#4340=CARTESIAN_POINT('',(5.93087924906244,-40.0000005960464,17.8490536934252));
#4341=CARTESIAN_POINT('Origin',(5.93087924906244,-28.5000758465091,20.8490536934252));
#4342=CARTESIAN_POINT('',(17.0000133182359,-25.9999989494237,17.8490536934252));
#4343=CARTESIAN_POINT('',(17.0000136430245,-26.0000002980232,35.60276420085));
#4344=CARTESIAN_POINT('',(5.93087924906244,-28.5000758465091,17.8490536934252));
#4345=CARTESIAN_POINT('',(5.93087924906244,-28.5000758465091,17.8490536934252));
#4346=CARTESIAN_POINT('',(5.93087924906244,-28.5000758465091,20.8490536934252));
#4347=CARTESIAN_POINT('Origin',(3.00000004470348,-29.0000004321336,20.8490536934251));
#4348=CARTESIAN_POINT('',(3.00000004470348,-29.0000004321336,17.8490536934251));
#4349=CARTESIAN_POINT('',(3.00000004470348,-29.0000004321336,17.8490536934251));
#4350=CARTESIAN_POINT('',(3.00000004470348,-29.0000004321336,20.8490536934251));
#4351=CARTESIAN_POINT('Origin',(-0.210630807827115,-34.253320073063,20.8490536934249));
#4352=CARTESIAN_POINT('Origin',(-0.210630807827115,-34.2533200730631,17.8490536934249));
#4353=CARTESIAN_POINT('Origin',(0.302229475487599,-35.0446421644451,20.8490536934252));
#4354=CARTESIAN_POINT('',(-2.79705230955827,-40.436184881197,20.8490536934252));
#4355=CARTESIAN_POINT('',(-5.90629601981028,-34.686184881197,20.8490536934252));
#4356=CARTESIAN_POINT('Origin',(0.396253126405554,-34.2828107475949,20.8490536934252));
#4357=CARTESIAN_POINT('',(-2.95987373363352,-28.932927671167,20.8490536934252));
#4358=CARTESIAN_POINT('Origin',(-5.90629601981028,-28.5600859797785,20.8490536934252));
#4359=CARTESIAN_POINT('',(-5.90629601981028,-28.5600859797785,20.8490536934252));
#4360=CARTESIAN_POINT('Origin',(-17.0000002533197,-26.0000003874301,20.8490536934252));
#4361=CARTESIAN_POINT('',(-17.0000002533196,-26.0000002980232,12.2719694611498));
#4362=CARTESIAN_POINT('Origin',(-2.79705230955827,-40.436184881197,20.8490536934252));
#4363=CARTESIAN_POINT('Origin',(-17.0000002533196,-26.0000002980232,-4.47803074746645));
#4364=CARTESIAN_POINT('',(-17.0000002533196,-26.0000002980232,40.0839021884758));
#4365=CARTESIAN_POINT('',(-17.0000002533196,-26.0000002980232,15.6693014985528));
#4366=CARTESIAN_POINT('',(16.9999997466804,-26.0000002980232,40.0839021884758));
#4367=CARTESIAN_POINT('',(-17.0000002533196,-26.0000002980232,40.0839021884758));
#4368=CARTESIAN_POINT('',(16.9999997466804,-26.0000002980232,51.4958705396219));
#4369=CARTESIAN_POINT('',(16.9999997466804,-26.0000002980232,58.5219701913067));
#4370=CARTESIAN_POINT('',(-17.0000002533196,-26.0000002980232,51.4958705396219));
#4371=CARTESIAN_POINT('Origin',(2.03170813506404E-13,34.9925452613287,45.5000006780028));
#4372=CARTESIAN_POINT('',(19.999999746684,34.9925452613288,41.0292012327566));
#4373=CARTESIAN_POINT('',(20.0000002533199,34.9925452613286,38.0000005662441));
#4374=CARTESIAN_POINT('',(19.999578423638,34.9925452613319,41.0292012327566));
#4375=CARTESIAN_POINT('',(9.99999987334209,34.9925452613286,41.0292012327566));
#4376=CARTESIAN_POINT('',(19.999578423638,34.9925452613319,33.8653351919072));
#4377=CARTESIAN_POINT('',(19.999578423638,34.9925452613319,42.6633351919072));
#4378=CARTESIAN_POINT('',(14.663578423638,34.9925452613319,33.8653351919072));
#4379=CARTESIAN_POINT('',(17.949578423638,34.9925452613319,33.8653351919072));
#4380=CARTESIAN_POINT('',(14.663578423638,34.9925452613319,41.0292012327566));
#4381=CARTESIAN_POINT('',(14.663578423638,34.9925452613319,42.6633351919072));
#4382=CARTESIAN_POINT('',(9.99999974668228,34.9925452613289,41.0292012327566));
#4383=CARTESIAN_POINT('',(9.99999987334209,34.9925452613286,41.0292012327566));
#4384=CARTESIAN_POINT('',(9.99999974668214,34.9925452613289,33.8652172746426));
#4385=CARTESIAN_POINT('',(9.99999974668232,34.9925452613286,43.2646009553796));
#4386=CARTESIAN_POINT('',(19.999999746684,34.9925452613289,33.8652172746426));
#4387=CARTESIAN_POINT('',(4.99999987334117,34.9925452613286,33.8652172746426));
#4388=CARTESIAN_POINT('',(20.0000002533199,34.9925452613286,33.0000005662441));
#4389=CARTESIAN_POINT('',(20.0000002533199,34.9925452613286,38.0000005662441));
#4390=CARTESIAN_POINT('',(17.0000002533199,34.9925452613286,33.0000005662441));
#4391=CARTESIAN_POINT('',(-10.000000253316,34.9925452613289,33.8652172746426));
#4392=CARTESIAN_POINT('',(-10.0000001266588,34.9925452613287,33.8652172746426));
#4393=CARTESIAN_POINT('',(-10.000000253316,34.9925452613288,41.0292012327566));
#4394=CARTESIAN_POINT('',(-10.000000253316,34.9925452613287,39.6826089763227));
#4395=CARTESIAN_POINT('',(-14.8000002533184,34.9925452613319,41.0292012327566));
#4396=CARTESIAN_POINT('',(-5.00000012665791,34.9925452613287,41.0292012327566));
#4397=CARTESIAN_POINT('',(-14.8000002533184,34.9925452613319,33.8653351919072));
#4398=CARTESIAN_POINT('',(-14.8000002533184,34.9925452613319,42.6633351919072));
#4399=CARTESIAN_POINT('',(-20.0000002533184,34.9925452613319,33.8653351919072));
#4400=CARTESIAN_POINT('',(-17.0000002533196,34.9925452613288,58.5219701913067));
#4401=CARTESIAN_POINT('Origin',(-16.3271454623547,34.9925452613287,46.4737439551683));
#4402=CARTESIAN_POINT('',(-15.38790053593,34.9925452613288,58.6120007897615));
#4403=CARTESIAN_POINT('',(-8.8889151148835,34.9925452613287,58.9749482802266));
#4404=CARTESIAN_POINT('',(17.1391386198655,34.9925452613286,58.6120007897615));
#4405=CARTESIAN_POINT('',(8.50000012666007,34.9925452613286,58.6120007897615));
#4406=CARTESIAN_POINT('Origin',(16.3271588520597,34.9925452613287,46.5723505516245));
#4407=CARTESIAN_POINT('',(9.9495784236386,34.9925452613289,50.7023351919073));
#4408=CARTESIAN_POINT('',(14.663578423638,34.9925452613319,50.7023351919072));
#4409=CARTESIAN_POINT('',(9.9747892118194,34.9925452613286,50.7023351919073));
#4410=CARTESIAN_POINT('',(9.9495784236386,34.9925452613289,43.4583351919072));
#4411=CARTESIAN_POINT('',(9.9495784236386,34.9925452613286,48.481667934955));
#4412=CARTESIAN_POINT('',(14.663578423638,34.9925452613319,43.4583351919072));
#4413=CARTESIAN_POINT('',(4.9747892118194,34.9925452613286,43.4583351919072));
#4414=CARTESIAN_POINT('',(14.663578423638,34.9925452613319,42.6633351919072));
#4415=CARTESIAN_POINT('',(-10.0000002533179,34.9925452613289,43.4583351919072));
#4416=CARTESIAN_POINT('',(-10.0000002533179,34.9925452613289,50.7023351919073));
#4417=CARTESIAN_POINT('',(-10.0000002533179,34.9925452613287,44.081667934955));
#4418=CARTESIAN_POINT('',(-14.8000002533184,34.9925452613319,50.7023351919072));
#4419=CARTESIAN_POINT('',(-5.00000012665883,34.9925452613287,50.7023351919073));
#4420=CARTESIAN_POINT('',(-14.8000002533184,34.9925452613319,43.4583351919072));
#4421=CARTESIAN_POINT('',(-14.8000002533184,34.9925452613319,42.6633351919072));
#4422=CARTESIAN_POINT('',(-10.0000001266588,34.9925452613287,43.4583351919072));
#4423=CARTESIAN_POINT('',(-8.94999984465538,34.9925452613287,39.349999120459));
#4424=CARTESIAN_POINT('Origin',(-6.94999984465538,34.9925452613287,39.349999120459));
#4425=CARTESIAN_POINT('',(5.05000015534462,34.9925452613287,39.349999120459));
#4426=CARTESIAN_POINT('Origin',(7.05000015534462,34.9925452613287,39.349999120459));
#4427=CARTESIAN_POINT('Origin',(17.0000002533199,22.9925452613286,58.6120007897615));
#4428=CARTESIAN_POINT('',(-15.38790053593,22.4405452613288,58.6120007897615));
#4429=CARTESIAN_POINT('',(-15.3879005359299,45.571856071017,58.6120007897615));
#4430=CARTESIAN_POINT('',(17.0000136430246,22.4405452613286,58.6120007897615));
#4431=CARTESIAN_POINT('',(8.50000012666001,22.4405452613286,58.6120007897615));
#4432=CARTESIAN_POINT('',(17.0000136430246,22.9925452613286,58.6120007897615));
#4433=CARTESIAN_POINT('',(17.0000136430245,12.2444088714907,58.6120007897615));
#4434=CARTESIAN_POINT('',(17.1391386198655,22.9925452613288,58.6120007897615));
#4435=CARTESIAN_POINT('',(26.2500070748321,22.9925452613287,58.6120007897615));
#4436=CARTESIAN_POINT('',(17.1391386198655,-20.0000002980232,58.6120007897615));
#4437=CARTESIAN_POINT('Origin',(35.5000138963444,22.9925452613287,23.6205762662222));
#4438=CARTESIAN_POINT('',(17.0000136430246,22.9925452613288,58.6205767877629));
#4439=CARTESIAN_POINT('',(17.0000136430246,22.9925452613286,31.616123324385));
#4440=CARTESIAN_POINT('Origin',(16.3271588520597,22.9925452613286,46.5723505516245));
#4441=CARTESIAN_POINT('Origin',(8.50000012666,21.2165452613286,55.7760007897615));
#4442=CARTESIAN_POINT('',(17.0000136430245,19.9925452613286,54.5520007897615));
#4443=CARTESIAN_POINT('',(17.0000136430246,22.4405452613286,57.0000007897615));
#4444=CARTESIAN_POINT('',(17.0000136430245,5.87168902613563,40.4311445545686));
#4445=CARTESIAN_POINT('',(-17.0000002533196,22.4405452613288,57.0000007897615));
#4446=CARTESIAN_POINT('',(8.50000012666001,22.4405452613286,57.0000007897615));
#4447=CARTESIAN_POINT('',(-17.0000002533196,19.9925452613288,54.5520007897615));
#4448=CARTESIAN_POINT('',(-17.0000002533196,21.5970376117151,56.1564931401478));
#4449=CARTESIAN_POINT('',(8.50000012666,19.9925452613286,54.5520007897615));
#4450=CARTESIAN_POINT('Origin',(20.0000002533199,22.9925452613285,-17.0000002533197));
#4451=CARTESIAN_POINT('',(20.0000002533199,22.9925452613286,33.0000005662441));
#4452=CARTESIAN_POINT('',(20.0000002533199,22.9925452613287,3.31028800645123));
#4453=CARTESIAN_POINT('',(20.0000002533199,32.9925452613286,33.0000005662441));
#4454=CARTESIAN_POINT('',(19.999999746684,28.9925452613289,33.8652172746426));
#4455=CARTESIAN_POINT('',(20.0000002533199,28.9925452613287,33.8652172746426));
#4456=CARTESIAN_POINT('',(19.999999746684,28.9925452613288,41.0292012327566));
#4457=CARTESIAN_POINT('',(20.0000002533199,28.9925452613289,10.2236045001899));
#4458=CARTESIAN_POINT('',(20.0000002533199,28.9925452613287,41.0292012327566));
#4459=CARTESIAN_POINT('',(20.0000002533199,32.9925452613318,43.4583351919072));
#4460=CARTESIAN_POINT('',(20.0000002533199,32.9925452613318,13.2291674692937));
#4461=CARTESIAN_POINT('',(20.0000002533199,28.9925452613289,43.4583351919072));
#4462=CARTESIAN_POINT('',(20.0000002533199,25.9925452613287,43.4583351919072));
#4463=CARTESIAN_POINT('',(20.0000002533199,28.9925452613289,16.8511674692938));
#4464=CARTESIAN_POINT('Origin',(-20.0000002533196,-17.6519351530054,33.1417978067807));
#4465=CARTESIAN_POINT('',(17.0000136430245,-15.6519351530054,33.1417978067807));
#4466=CARTESIAN_POINT('Origin',(17.0000136430245,-17.6519351530054,33.1417978067807));
#4467=CARTESIAN_POINT('',(-20.0000002533196,-15.6519351530054,33.1417978067807));
#4468=CARTESIAN_POINT('Origin',(-20.0000002533196,17.3480648469946,-1.85820219321932));
#4469=CARTESIAN_POINT('',(17.0000136430245,19.3480648469946,-1.85820219321932));
#4470=CARTESIAN_POINT('Origin',(17.0000136430245,17.3480648469946,-1.85820219321932));
#4471=CARTESIAN_POINT('',(-20.0000002533196,19.3480648469946,-1.85820219321932));
#4472=CARTESIAN_POINT('Origin',(-20.0000002533196,17.3480648469946,33.1417978067807));
#4473=CARTESIAN_POINT('',(17.0000136430245,19.3480648469946,33.1417978067807));
#4474=CARTESIAN_POINT('Origin',(17.0000136430245,17.3480648469946,33.1417978067807));
#4475=CARTESIAN_POINT('',(-20.0000002533196,19.3480648469946,33.1417978067807));
#4476=CARTESIAN_POINT('Origin',(-20.0000002533196,-17.6519351530054,-1.85820219321932));
#4477=CARTESIAN_POINT('',(17.0000136430245,-15.6519351530054,-1.85820219321932));
#4478=CARTESIAN_POINT('Origin',(17.0000136430245,-17.6519351530054,-1.85820219321932));
#4479=CARTESIAN_POINT('',(-20.0000002533196,-15.6519351530054,-1.85820219321932));
#4480=CARTESIAN_POINT('Origin',(16.3271588520597,-20.0000002980232,46.5723505516245));
#4481=CARTESIAN_POINT('',(17.0000136430245,19.9925452613288,58.6205767877629));
#4482=CARTESIAN_POINT('Origin',(20.0000136430245,-15.0000002235174,30.6205763705304));
#4483=CARTESIAN_POINT('',(17.0000136430245,-15.0000002235174,-0.379424091405633));
#4484=CARTESIAN_POINT('',(20.0000136430245,-15.0000002235174,-0.379424091405633));
#4485=CARTESIAN_POINT('',(17.0000136430245,-15.0000002235174,30.6205763705304));
#4486=CARTESIAN_POINT('',(17.0000136430245,-15.0000002235174,30.6205763705304));
#4487=CARTESIAN_POINT('',(20.0000136430245,-15.0000002235174,30.6205763705304));
#4488=CARTESIAN_POINT('Origin',(20.0000136430245,15.0000002235174,30.6205763705304));
#4489=CARTESIAN_POINT('',(17.0000136430245,15.0000002235174,30.6205763705304));
#4490=CARTESIAN_POINT('',(17.0000136430245,15.0000002235174,30.6205763705304));
#4491=CARTESIAN_POINT('',(20.0000136430245,15.0000002235174,30.6205763705304));
#4492=CARTESIAN_POINT('Origin',(20.0000136430245,15.0000002235174,-0.379424091405633));
#4493=CARTESIAN_POINT('',(17.0000136430245,15.0000002235174,-0.379424091405633));
#4494=CARTESIAN_POINT('',(17.0000136430245,15.0000002235174,-0.379424091405633));
#4495=CARTESIAN_POINT('',(20.0000136430245,15.0000002235174,-0.379424091405633));
#4496=CARTESIAN_POINT('Origin',(20.0000136430245,-15.0000002235174,-0.379424091405633));
#4497=CARTESIAN_POINT('',(17.0000136430245,-15.0000002235174,-0.379424091405633));
#4498=CARTESIAN_POINT('Origin',(17.0000136430245,1.49627248165271,15.6116700249198));
#4499=CARTESIAN_POINT('',(17.0000136430245,22.4405452613286,36.3058354073407));
#4500=CARTESIAN_POINT('',(17.0000136430245,19.9925452613287,-4.37942415101028));
#4501=CARTESIAN_POINT('',(17.0000136430245,19.9925452613286,13.055835090691));
#4502=CARTESIAN_POINT('',(17.0000136430245,-26.0000002980232,-4.37942415101028));
#4503=CARTESIAN_POINT('',(17.0000136430245,-20.0000002980232,-4.37942415101028));
#4504=CARTESIAN_POINT('',(17.0000136430245,-30.694311036886,17.7133541578357));
#4505=CARTESIAN_POINT('',(17.0000136430245,-26.0000002980232,-4.37942415101028));
#4506=CARTESIAN_POINT('',(17.0000136430245,-30.694311036886,17.8490536934252));
#4507=CARTESIAN_POINT('',(17.0000136430245,-30.694311036886,17.7133541578357));
#4508=CARTESIAN_POINT('',(17.0000136430245,-30.7783597288986,17.8490536934252));
#4509=CARTESIAN_POINT('',(17.0000136430245,-26.0000002980232,35.60276420085));
#4510=CARTESIAN_POINT('',(17.0000136430245,-27.3161430074361,6.06232406434037));
#4511=CARTESIAN_POINT('',(17.0000136430245,-26.4259082985932,1.8726231349829));
#4512=CARTESIAN_POINT('',(17.0000136430245,-26.4259082985932,1.8726231349829));
#4513=CARTESIAN_POINT('',(17.0000136430245,-26.4259082985932,6.06232406434037));
#4514=CARTESIAN_POINT('',(17.0000136430245,-26.4259082985932,15.9908781423794));
#4515=CARTESIAN_POINT('',(17.0000136430245,-27.3161430074361,6.06232406434037));
#4516=CARTESIAN_POINT('',(17.0000136430245,-29.4257788974254,15.9908781423794));
#4517=CARTESIAN_POINT('',(17.0000136430245,-28.8747088821591,13.3973839411669));
#4518=CARTESIAN_POINT('',(17.0000136430245,-26.4259082985932,1.8726231349829));
#4519=CARTESIAN_POINT('',(17.0000136430245,-26.4259082985932,13.3973839411669));
#4520=CARTESIAN_POINT('',(17.0000136430245,-28.8747088821591,13.3973839411669));
#4521=CARTESIAN_POINT('',(17.0000136430245,-26.4259082985932,15.9908781423794));
#4522=CARTESIAN_POINT('',(17.0000136430245,-26.4259082985932,15.9908781423794));
#4523=CARTESIAN_POINT('',(17.0000136430245,-29.4257788974254,15.9908781423794));
#4524=CARTESIAN_POINT('',(17.0000136430245,-28.4462562146639,11.3809622926294));
#4525=CARTESIAN_POINT('',(17.0000136430245,-27.9258435980093,8.93175063868117));
#4526=CARTESIAN_POINT('',(17.0000136430245,-26.4259082985932,1.8726231349829));
#4527=CARTESIAN_POINT('',(17.0000136430245,-26.4259082985932,8.93175063868117));
#4528=CARTESIAN_POINT('',(17.0000136430245,-27.9258435980093,8.93175063868117));
#4529=CARTESIAN_POINT('',(17.0000136430245,-26.4259082985932,11.3809622926294));
#4530=CARTESIAN_POINT('',(17.0000136430245,-26.4259082985932,15.9908781423794));
#4531=CARTESIAN_POINT('',(17.0000136430245,-28.4462562146639,11.3809622926294));
#4532=CARTESIAN_POINT('Origin',(20.0000136430245,22.9925452613286,-4.37942415101028));
#4533=CARTESIAN_POINT('',(20.0000136430245,-26.0000002980232,-4.37942415101028));
#4534=CARTESIAN_POINT('',(10.0000068215123,19.9925452613286,-4.37942415101028));
#4535=CARTESIAN_POINT('Origin',(1.26565424807268E-13,19.9925452613287,10.5000001564622));
#4536=CARTESIAN_POINT('',(-17.0000002533196,19.9925452613287,-4.47803074746645));
#4537=CARTESIAN_POINT('',(-17.0000002533196,19.9925452613287,13.0065317924629));
#4538=CARTESIAN_POINT('',(10.0000068215123,19.9925452613286,-4.47803074746645));
#4539=CARTESIAN_POINT('',(-19.0292659662143,19.9925452613287,-8.86199275410639));
#4540=CARTESIAN_POINT('',(-20.8121555240099,19.9925452613287,-2.20815834012941));
#4541=CARTESIAN_POINT('',(-16.2921251992796,19.9925452613287,-10.0000001490116));
#4542=CARTESIAN_POINT('',(-11.3140030087432,19.9925452613287,-12.0697292378508));
#4543=CARTESIAN_POINT('',(20.0000002533199,19.9925452613285,-10.0000001490116));
#4544=CARTESIAN_POINT('',(13.1922601689385,19.9925452613286,-10.0000001490116));
#4545=CARTESIAN_POINT('',(20.0000002533199,19.9925452613286,42.0000006258488));
#4546=CARTESIAN_POINT('',(5.05000015534461,19.9925452613287,39.349999120459));
#4547=CARTESIAN_POINT('Origin',(7.05000015534461,19.9925452613287,39.349999120459));
#4548=CARTESIAN_POINT('',(-8.94999984465539,19.9925452613287,39.349999120459));
#4549=CARTESIAN_POINT('Origin',(-6.94999984465539,19.9925452613287,39.349999120459));
#4550=CARTESIAN_POINT('',(-9.16501419480275,19.9925452613287,9.16667027157423));
#4551=CARTESIAN_POINT('Origin',(-7.41501419480276,19.9925452613287,9.16667027157423));
#4552=CARTESIAN_POINT('',(5.83498580519725,19.9925452613287,9.16667027157423));
#4553=CARTESIAN_POINT('Origin',(7.58498580519724,19.9925452613287,9.16667027157423));
#4554=CARTESIAN_POINT('',(5.83498580519725,19.9925452613287,29.1666702715742));
#4555=CARTESIAN_POINT('Origin',(7.58498580519724,19.9925452613287,29.1666702715742));
#4556=CARTESIAN_POINT('Ctrl Pts',(-17.0000002533196,-19.0000002980232,58.5219701910204));
#4557=CARTESIAN_POINT('Ctrl Pts',(16.9999997466804,-19.0000002980232,58.5219701910204));
#4558=CARTESIAN_POINT('Ctrl Pts',(-17.0000002533196,-19.4319387404519,58.5219701910204));
#4559=CARTESIAN_POINT('Ctrl Pts',(16.9999997466804,-19.4319387404519,58.5219701910204));
#4560=CARTESIAN_POINT('Ctrl Pts',(-17.0000002533196,-19.9036607515077,58.479288110377));
#4561=CARTESIAN_POINT('Ctrl Pts',(16.9999997466804,-19.9036607515077,58.479288110377));
#4562=CARTESIAN_POINT('Ctrl Pts',(-17.0000002533196,-20.8274491611188,58.2952532088954));
#4563=CARTESIAN_POINT('Ctrl Pts',(16.9999997466804,-20.8274491611188,58.2952532088954));
#4564=CARTESIAN_POINT('Ctrl Pts',(-17.0000002533196,-21.2795156713217,58.1539009484881));
#4565=CARTESIAN_POINT('Ctrl Pts',(16.9999997466804,-21.2795156713217,58.1539009484881));
#4566=CARTESIAN_POINT('Ctrl Pts',(-17.0000002533196,-22.0777612148922,57.8227364714878));
#4567=CARTESIAN_POINT('Ctrl Pts',(16.9999997466804,-22.0777612148922,57.8227364714878));
#4568=CARTESIAN_POINT('Ctrl Pts',(-17.0000002533196,-22.4974357166733,57.6023608463245));
#4569=CARTESIAN_POINT('Ctrl Pts',(16.9999997466804,-22.4974357166733,57.6023608463245));
#4570=CARTESIAN_POINT('Ctrl Pts',(-17.0000002533196,-23.2807688001363,57.0779304394947));
#4571=CARTESIAN_POINT('Ctrl Pts',(16.9999997466804,-23.2807688001363,57.0779304394947));
#4572=CARTESIAN_POINT('Ctrl Pts',(-17.0000002533196,-23.6444285610623,56.7738774192479));
#4573=CARTESIAN_POINT('Ctrl Pts',(16.9999997466804,-23.6444285610623,56.7738774192479));
#4574=CARTESIAN_POINT('Ctrl Pts',(-17.0000002533196,-24.2550765976794,56.1618470168117));
#4575=CARTESIAN_POINT('Ctrl Pts',(16.9999997466804,-24.2550765976794,56.1618470168117));
#4576=CARTESIAN_POINT('Ctrl Pts',(-17.0000002533196,-24.5583122041832,55.7974884949097));
#4577=CARTESIAN_POINT('Ctrl Pts',(16.9999997466804,-24.5583122041832,55.7974884949097));
#4578=CARTESIAN_POINT('Ctrl Pts',(-17.0000002533196,-25.0811581555929,55.013018122587));
#4579=CARTESIAN_POINT('Ctrl Pts',(16.9999997466804,-25.0811581555929,55.013018122587));
#4580=CARTESIAN_POINT('Ctrl Pts',(-17.0000002533196,-25.3007730079209,54.5929092763522));
#4581=CARTESIAN_POINT('Ctrl Pts',(16.9999997466804,-25.3007730079209,54.5929092763522));
#4582=CARTESIAN_POINT('Ctrl Pts',(-17.0000002533196,-25.6319360362704,53.7914754784146));
#4583=CARTESIAN_POINT('Ctrl Pts',(16.9999997466804,-25.6319360362704,53.7914754784146));
#4584=CARTESIAN_POINT('Ctrl Pts',(-17.0000002533196,-25.7735142142316,53.3361228878205));
#4585=CARTESIAN_POINT('Ctrl Pts',(16.9999997466804,-25.7735142142316,53.3361228878205));
#4586=CARTESIAN_POINT('Ctrl Pts',(-17.0000002533196,-25.9575398593527,52.4057541379661));
#4587=CARTESIAN_POINT('Ctrl Pts',(16.9999997466804,-25.9575398593527,52.4057541379661));
#4588=CARTESIAN_POINT('Ctrl Pts',(-17.0000002533196,-26.0000002980232,51.9307405444995));
#4589=CARTESIAN_POINT('Ctrl Pts',(16.9999997466804,-26.0000002980232,51.9307405444995));
#4590=CARTESIAN_POINT('Ctrl Pts',(-17.0000002533196,-26.0000002980232,51.4958705396219));
#4591=CARTESIAN_POINT('Ctrl Pts',(16.9999997466804,-26.0000002980232,51.4958705396219));
#4592=CARTESIAN_POINT('',(16.9999997466804,-19.0000002980232,58.5219701913067));
#4593=CARTESIAN_POINT('Ctrl Pts',(16.9999997466804,-19.0000002980232,58.5219701910204));
#4594=CARTESIAN_POINT('Ctrl Pts',(16.9999997466804,-19.4319387404519,58.5219701910204));
#4595=CARTESIAN_POINT('Ctrl Pts',(16.9999997466804,-19.9036607515077,58.479288110377));
#4596=CARTESIAN_POINT('Ctrl Pts',(16.9999997466804,-20.3655549563132,58.3872706596362));
#4597=CARTESIAN_POINT('Ctrl Pts',(16.9999997466804,-20.8274491611188,58.2952532088954));
#4598=CARTESIAN_POINT('Ctrl Pts',(16.9999997466804,-21.2795156713217,58.1539009484881));
#4599=CARTESIAN_POINT('Ctrl Pts',(16.9999997466804,-21.6784827465487,57.9883833031068));
#4600=CARTESIAN_POINT('Ctrl Pts',(16.9999997466804,-22.0777612148922,57.8227364714878));
#4601=CARTESIAN_POINT('Ctrl Pts',(16.9999997466804,-22.4974357166733,57.6023608463245));
#4602=CARTESIAN_POINT('Ctrl Pts',(16.9999997466804,-22.8891022584048,57.3401456429096));
#4603=CARTESIAN_POINT('Ctrl Pts',(16.9999997466804,-23.2807688001363,57.0779304394947));
#4604=CARTESIAN_POINT('Ctrl Pts',(16.9999997466804,-23.6444285610623,56.7738774192479));
#4605=CARTESIAN_POINT('Ctrl Pts',(16.9999997466804,-23.9497477663291,56.4678670419672));
#4606=CARTESIAN_POINT('Ctrl Pts',(16.9999997466804,-24.2550765976794,56.1618470168117));
#4607=CARTESIAN_POINT('Ctrl Pts',(16.9999997466804,-24.5583122041832,55.7974884949097));
#4608=CARTESIAN_POINT('Ctrl Pts',(16.9999997466804,-24.8197351798881,55.4052533087483));
#4609=CARTESIAN_POINT('Ctrl Pts',(16.9999997466804,-25.0811581555929,55.013018122587));
#4610=CARTESIAN_POINT('Ctrl Pts',(16.9999997466804,-25.3007730079209,54.5929092763522));
#4611=CARTESIAN_POINT('Ctrl Pts',(16.9999997466804,-25.4658617246446,54.1933849758892));
#4612=CARTESIAN_POINT('Ctrl Pts',(16.9999997466804,-25.6319360362704,53.7914754784146));
#4613=CARTESIAN_POINT('Ctrl Pts',(16.9999997466804,-25.7735142142316,53.3361228878205));
#4614=CARTESIAN_POINT('Ctrl Pts',(16.9999997466804,-25.8655270367922,52.8709385128933));
#4615=CARTESIAN_POINT('Ctrl Pts',(16.9999997466804,-25.9575398593527,52.4057541379661));
#4616=CARTESIAN_POINT('Ctrl Pts',(16.9999997466804,-26.0000002980232,51.9307405444995));
#4617=CARTESIAN_POINT('Ctrl Pts',(16.9999997466804,-26.0000002980232,51.4958705396219));
#4618=CARTESIAN_POINT('',(-17.0000002533196,-19.0000002980232,58.5219701913067));
#4619=CARTESIAN_POINT('Origin',(-17.0000002533196,-15.3017385947709,58.5219701913067));
#4620=CARTESIAN_POINT('',(-17.0000002533196,-15.3017385947709,58.5219701913067));
#4621=CARTESIAN_POINT('',(-17.0000002533196,19.9925452613288,58.5219701913067));
#4622=CARTESIAN_POINT('',(16.9999997466804,-15.3017385947709,58.5219701913067));
#4623=CARTESIAN_POINT('',(16.9999997466804,-15.3017385947709,58.5219701913067));
#4624=CARTESIAN_POINT('',(-17.0000002533196,-15.3017385947709,58.5219701913067));
#4625=CARTESIAN_POINT('Origin',(-17.0000002533196,-15.3017385947709,40.0839021884758));
#4626=CARTESIAN_POINT('',(-17.0000002533196,-15.3017385947709,40.0839021884758));
#4627=CARTESIAN_POINT('',(-17.0000002533196,-15.3017385947709,27.7984828084697));
#4628=CARTESIAN_POINT('',(16.9999997466804,-15.3017385947709,40.0839021884758));
#4629=CARTESIAN_POINT('',(16.9999997466804,-15.3017385947709,40.0839021884758));
#4630=CARTESIAN_POINT('',(-17.0000002533196,-15.3017385947709,40.0839021884758));
#4631=CARTESIAN_POINT('Origin',(-17.0000002533196,-26.0000002980232,40.0839021884758));
#4632=CARTESIAN_POINT('',(-17.0000002533196,-12.2518639081853,40.0839021884758));
#4633=CARTESIAN_POINT('',(16.9999997466804,-26.0000002980232,40.0839021884758));
#4634=CARTESIAN_POINT('Origin',(16.9999997466804,-20.6522789792484,49.3043457225994));
#4635=CARTESIAN_POINT('Origin',(-17.0000002533196,1.49627248165271,15.5130634284637));
#4636=CARTESIAN_POINT('',(-17.0000002533196,13.7437041050658,-4.47803074746645));
#4637=CARTESIAN_POINT('',(-17.0000002533196,22.4405452613288,58.5219701913067));
#4638=CARTESIAN_POINT('',(-17.0000002533196,22.4405452613288,36.2565321091126));
#4639=CARTESIAN_POINT('',(-17.0000002533196,19.9925452613288,58.5219701913067));
#4640=CARTESIAN_POINT('',(-17.0000002533196,-15.6519351530054,33.0431912103245));
#4641=CARTESIAN_POINT('Origin',(-17.0000002533196,-17.6519351530054,33.0431912103245));
#4642=CARTESIAN_POINT('',(-17.0000002533196,19.3480648469946,-1.95680878967549));
#4643=CARTESIAN_POINT('Origin',(-17.0000002533196,17.3480648469946,-1.95680878967549));
#4644=CARTESIAN_POINT('',(-17.0000002533196,19.3480648469946,33.0431912103245));
#4645=CARTESIAN_POINT('Origin',(-17.0000002533196,17.3480648469946,33.0431912103245));
#4646=CARTESIAN_POINT('',(-17.0000002533196,-15.0000002235174,-0.478030687861801));
#4647=CARTESIAN_POINT('',(-17.0000002533196,15.0000002235174,-0.478030687861801));
#4648=CARTESIAN_POINT('',(-17.0000002533196,-15.0000002235174,-0.478030687861801));
#4649=CARTESIAN_POINT('',(-17.0000002533196,-15.0000002235174,30.5219697740742));
#4650=CARTESIAN_POINT('',(-17.0000002533196,-15.0000002235174,30.5219697740742));
#4651=CARTESIAN_POINT('',(-17.0000002533196,15.0000002235174,30.5219697740742));
#4652=CARTESIAN_POINT('',(-17.0000002533196,15.0000002235174,30.5219697740742));
#4653=CARTESIAN_POINT('',(-17.0000002533196,15.0000002235174,-0.478030687861801));
#4654=CARTESIAN_POINT('',(-17.0000002533196,-15.6519351530054,-1.95680878967549));
#4655=CARTESIAN_POINT('Origin',(-17.0000002533196,-17.6519351530054,-1.95680878967549));
#4656=CARTESIAN_POINT('Origin',(20.0000136430245,22.9925452613286,-4.47803074746645));
#4657=CARTESIAN_POINT('Origin',(-20.0000002533196,-17.6519351530054,33.0431912103245));
#4658=CARTESIAN_POINT('',(-20.0000002533196,-15.6519351530054,33.0431912103245));
#4659=CARTESIAN_POINT('Origin',(-20.0000002533196,17.3480648469946,-1.95680878967549));
#4660=CARTESIAN_POINT('',(-20.0000002533196,19.3480648469946,-1.95680878967549));
#4661=CARTESIAN_POINT('Origin',(-20.0000002533196,17.3480648469946,33.0431912103245));
#4662=CARTESIAN_POINT('',(-20.0000002533196,19.3480648469946,33.0431912103245));
#4663=CARTESIAN_POINT('Origin',(-20.0000002533196,-17.6519351530054,-1.95680878967549));
#4664=CARTESIAN_POINT('',(-20.0000002533196,-15.6519351530054,-1.95680878967549));
#4665=CARTESIAN_POINT('Origin',(-16.3271454623547,19.9925452613288,46.4737439551683));
#4666=CARTESIAN_POINT('',(-17.0000002533196,19.9925452613288,58.5219701913067));
#4667=CARTESIAN_POINT('Origin',(-17.0000002533196,-15.0000002235174,30.5219697740742));
#4668=CARTESIAN_POINT('',(-17.0000002533196,-15.0000002235174,-0.478030687861801));
#4669=CARTESIAN_POINT('',(-17.0000002533196,-15.0000002235174,30.5219697740742));
#4670=CARTESIAN_POINT('Origin',(-17.0000002533196,15.0000002235174,30.5219697740742));
#4671=CARTESIAN_POINT('',(-17.0000002533196,15.0000002235174,30.5219697740742));
#4672=CARTESIAN_POINT('Origin',(-17.0000002533196,15.0000002235174,-0.478030687861801));
#4673=CARTESIAN_POINT('',(-17.0000002533196,15.0000002235174,-0.478030687861801));
#4674=CARTESIAN_POINT('Origin',(-17.0000002533196,-15.0000002235174,-0.478030687861801));
#4675=CARTESIAN_POINT('Origin',(19.9495784236386,34.9925452613289,50.7023351919073));
#4676=CARTESIAN_POINT('',(9.9495784236386,33.9845452613289,50.7023351919073));
#4677=CARTESIAN_POINT('',(14.9415784236386,28.9925452613289,50.7023351919073));
#4678=CARTESIAN_POINT('Origin',(14.9415784236386,33.9845452613289,50.7023351919073));
#4679=CARTESIAN_POINT('',(9.9495784236386,34.9925452613289,50.7023351919073));
#4680=CARTESIAN_POINT('',(14.663578423638,32.9925452613318,50.7023351919072));
#4681=CARTESIAN_POINT('',(14.663578423638,34.9925452613304,50.7023351919073));
#4682=CARTESIAN_POINT('',(18.9495784236383,32.9925452613318,50.7023351919073));
#4683=CARTESIAN_POINT('',(17.4495784236386,28.9925452613289,50.7023351919073));
#4684=CARTESIAN_POINT('Origin',(14.663578423638,34.9925452613319,42.6633351919072));
#4685=CARTESIAN_POINT('',(14.663578423638,32.9925452613318,43.4583351919072));
#4686=CARTESIAN_POINT('',(14.663578423638,34.9925452613304,43.4583351919072));
#4687=CARTESIAN_POINT('',(14.663578423638,32.9925452613318,42.6633351919072));
#4688=CARTESIAN_POINT('Origin',(9.9495784236386,34.9925452613289,51.4633351919073));
#4689=CARTESIAN_POINT('',(9.9495784236386,33.9845452613289,43.4583351919072));
#4690=CARTESIAN_POINT('',(9.9495784236386,33.9845452613289,49.2633351919072));
#4691=CARTESIAN_POINT('',(9.9495784236386,34.9925452613289,43.4583351919072));
#4692=CARTESIAN_POINT('Origin',(-14.8000002533184,32.9925452613319,42.6633351919072));
#4693=CARTESIAN_POINT('',(-14.8000002533184,32.9925452613319,50.7023351919072));
#4694=CARTESIAN_POINT('',(-14.8000002533184,33.9925452613304,50.7023351919073));
#4695=CARTESIAN_POINT('',(-14.8000002533184,32.9925452613319,43.4583351919072));
#4696=CARTESIAN_POINT('',(-14.8000002533184,32.9925452613319,42.6633351919072));
#4697=CARTESIAN_POINT('',(-14.8000002533184,33.9925452613304,43.4583351919072));
#4698=CARTESIAN_POINT('Origin',(-10.0000002533179,34.9925452613289,42.6633351919072));
#4699=CARTESIAN_POINT('',(-10.0000002533179,33.9845452613289,50.7023351919073));
#4700=CARTESIAN_POINT('',(-10.0000002533179,34.9925452613289,50.7023351919073));
#4701=CARTESIAN_POINT('',(-10.0000002533179,33.9845452613289,43.4583351919072));
#4702=CARTESIAN_POINT('',(-10.0000002533179,34.9925452613289,43.4583351919072));
#4703=CARTESIAN_POINT('',(-10.0000002533179,33.9845452613289,44.8633351919072));
#4704=CARTESIAN_POINT('Origin',(9.9495784236386,34.9925452613289,43.4583351919072));
#4705=CARTESIAN_POINT('',(14.9415784236386,28.9925452613289,43.4583351919072));
#4706=CARTESIAN_POINT('Origin',(14.9415784236386,33.9845452613289,43.4583351919072));
#4707=CARTESIAN_POINT('',(12.4495784236386,28.9925452613289,43.4583351919072));
#4708=CARTESIAN_POINT('',(13.9495784236383,32.9925452613318,43.4583351919072));
#4709=CARTESIAN_POINT('Origin',(17.949578423638,32.9925452613318,42.6633351919072));
#4710=CARTESIAN_POINT('Origin',(14.9495784236386,28.9925452613289,47.0633351919072));
#4711=CARTESIAN_POINT('',(14.9415784236386,28.9925452613289,49.2633351919072));
#4712=CARTESIAN_POINT('Origin',(-16.000000253316,34.9925452613289,35.6562132641711));
#4713=CARTESIAN_POINT('',(-16.000000253316,28.9925452613288,41.0292012327566));
#4714=CARTESIAN_POINT('Origin',(-16.000000253316,34.9925452613289,41.0292012327566));
#4715=CARTESIAN_POINT('',(-16.000000253316,28.9925452613289,33.8652172746426));
#4716=CARTESIAN_POINT('Origin',(-16.000000253316,34.9925452613289,33.8652172746426));
#4717=CARTESIAN_POINT('',(-16.000000253316,28.9925452613289,35.6562132641711));
#4718=CARTESIAN_POINT('Origin',(15.9999997466822,34.9925452613289,39.238205243228));
#4719=CARTESIAN_POINT('',(15.9999997466821,28.9925452613289,33.8652172746426));
#4720=CARTESIAN_POINT('Origin',(15.9999997466821,34.9925452613289,33.8652172746424));
#4721=CARTESIAN_POINT('',(15.9999997466823,28.9925452613288,41.0292012327566));
#4722=CARTESIAN_POINT('Origin',(15.9999997466823,34.9925452613289,41.0292012327567));
#4723=CARTESIAN_POINT('',(15.9999997466822,28.9925452613289,39.238205243228));
#4724=CARTESIAN_POINT('Origin',(9.99999974668214,34.9925452613289,33.8652172746426));
#4725=CARTESIAN_POINT('',(9.99999974668214,28.9925452613289,33.8652172746426));
#4726=CARTESIAN_POINT('Origin',(14.9999997466831,28.9925452613289,37.4472092536996));
#4727=CARTESIAN_POINT('',(19.999999746684,28.9925452613288,41.0292012327566));
#4728=CARTESIAN_POINT('Origin',(-14.8000002533184,34.9925452613319,42.6633351919072));
#4729=CARTESIAN_POINT('',(-14.8000002533184,32.9925452613319,41.0292012327566));
#4730=CARTESIAN_POINT('',(-14.8000002533184,34.9925452613304,41.0292012327566));
#4731=CARTESIAN_POINT('',(-14.8000002533184,32.9925452613319,33.8653351919072));
#4732=CARTESIAN_POINT('',(-14.8000002533184,32.9925452613319,42.6633351919072));
#4733=CARTESIAN_POINT('',(-14.8000002533184,34.9925452613319,33.8653351919072));
#4734=CARTESIAN_POINT('Origin',(19.999578423638,34.9925452613319,42.6633351919072));
#4735=CARTESIAN_POINT('',(19.999578423638,32.9925452613318,41.0292012327566));
#4736=CARTESIAN_POINT('',(19.999578423638,34.9925452613303,41.0292012327566));
#4737=CARTESIAN_POINT('',(19.999578423638,32.9925452613318,33.8653351919072));
#4738=CARTESIAN_POINT('',(19.999578423638,32.9925452613318,42.6633351919072));
#4739=CARTESIAN_POINT('',(19.999578423638,32.9925452613318,33.8653351919072));
#4740=CARTESIAN_POINT('Origin',(14.663578423638,32.9925452613318,42.6633351919072));
#4741=CARTESIAN_POINT('',(14.663578423638,32.9925452613318,41.0292012327566));
#4742=CARTESIAN_POINT('',(14.663578423638,33.9925452613303,41.0292012327566));
#4743=CARTESIAN_POINT('',(14.663578423638,32.9925452613318,33.8653351919072));
#4744=CARTESIAN_POINT('',(14.663578423638,34.9925452613319,33.8653351919072));
#4745=CARTESIAN_POINT('',(14.663578423638,32.9925452613318,42.6633351919072));
#4746=CARTESIAN_POINT('Origin',(19.999999746684,34.9925452613288,41.0292012327566));
#4747=CARTESIAN_POINT('',(19.974789085161,32.9925452613318,41.0292012327566));
#4748=CARTESIAN_POINT('Origin',(19.949578423638,32.9925452613318,42.6633351919072));
#4749=CARTESIAN_POINT('',(19.949578423638,32.9925452613318,33.8653351919072));
#4750=CARTESIAN_POINT('Origin',(18.949578423638,33.9925452613318,33.8653351919072));
#4751=CARTESIAN_POINT('Origin',(20.0000002533199,22.9925452613285,-17.0000002533197));
#4752=CARTESIAN_POINT('',(20.0000002533199,22.9925452613285,-10.0000002533197));
#4753=CARTESIAN_POINT('',(20.0000002533199,22.9925452613285,-10.0000002533197));
#4754=CARTESIAN_POINT('',(20.0000002533199,22.9925452613286,42.0000006258488));
#4755=CARTESIAN_POINT('Origin',(-14.9920002533179,33.9845452613289,44.8633351919072));
#4756=CARTESIAN_POINT('',(-14.9920002533179,28.9925452613289,50.7023351919073));
#4757=CARTESIAN_POINT('Origin',(-14.9920002533179,33.9845452613289,50.7023351919073));
#4758=CARTESIAN_POINT('',(-14.9920002533179,28.9925452613289,43.4583351919072));
#4759=CARTESIAN_POINT('Origin',(-14.9920002533179,33.9845452613289,43.4583351919072));
#4760=CARTESIAN_POINT('',(-14.9920002533179,28.9925452613289,44.8633351919072));
#4761=CARTESIAN_POINT('Origin',(14.9415784236386,33.9845452613289,49.2633351919072));
#4762=CARTESIAN_POINT('Origin',(7.58498580519724,26.4925452613287,29.1666702715742));
#4763=CARTESIAN_POINT('',(5.83498580519725,22.9925452613287,29.1666702715742));
#4764=CARTESIAN_POINT('Origin',(7.58498580519724,22.9925452613287,29.1666702715742));
#4765=CARTESIAN_POINT('',(5.83498580519725,26.4925452613287,29.1666702715742));
#4766=CARTESIAN_POINT('Origin',(7.58498580519724,26.4925452613287,9.16667027157423));
#4767=CARTESIAN_POINT('',(5.83498580519725,22.9925452613287,9.16667027157423));
#4768=CARTESIAN_POINT('Origin',(7.58498580519724,22.9925452613287,9.16667027157423));
#4769=CARTESIAN_POINT('',(5.83498580519725,26.4925452613287,9.16667027157423));
#4770=CARTESIAN_POINT('Origin',(-7.41501419480276,26.4925452613287,9.16667027157423));
#4771=CARTESIAN_POINT('',(-9.16501419480275,22.9925452613287,9.16667027157423));
#4772=CARTESIAN_POINT('Origin',(-7.41501419480276,22.9925452613287,9.16667027157423));
#4773=CARTESIAN_POINT('',(-9.16501419480275,26.4925452613287,9.16667027157423));
#4774=CARTESIAN_POINT('Origin',(-6.94999984465539,19.9925452613287,39.349999120459));
#4775=CARTESIAN_POINT('',(-8.94999984465539,19.9925452613287,39.349999120459));
#4776=CARTESIAN_POINT('Origin',(7.05000015534461,19.9925452613287,39.349999120459));
#4777=CARTESIAN_POINT('',(5.05000015534461,19.9925452613287,39.349999120459));
#4778=CARTESIAN_POINT('Origin',(-12.9598073051081,20.0000002980236,-11.385461376126));
#4779=CARTESIAN_POINT('',(-19.0292659662143,20.0000002980236,-8.86199275410639));
#4780=CARTESIAN_POINT('',(-19.0292659662143,20.0000002980236,-8.86199275410639));
#4781=CARTESIAN_POINT('',(-16.2921251992796,20.0000002980236,-10.0000001490116));
#4782=CARTESIAN_POINT('',(-17.3376544439001,20.0000002980236,-9.56530565819804));
#4783=CARTESIAN_POINT('',(-16.2921251992796,21.4962727796761,-10.0000001490116));
#4784=CARTESIAN_POINT('Origin',(-19.0292659662143,20.0000002980236,-8.86199275410639));
#4785=CARTESIAN_POINT('',(-18.2086630581254,20.0000002980236,-11.9245244999333));
#4786=CARTESIAN_POINT('Origin',(-23.5475896985704,20.0000002980236,-17.5782924657207));
#4787=CARTESIAN_POINT('',(-1.77378802777295,20.0000002980236,-10.0000001490116));
#4788=CARTESIAN_POINT('Origin',(1.4210854715202E-13,22.9925452613287,10.5000001564622));
#4789=CARTESIAN_POINT('',(-8.50000012665973,22.9925452613287,-10.0000002533197));
#4790=CARTESIAN_POINT('',(8.50000012666001,22.9925452613286,33.0000005662441));
#4791=CARTESIAN_POINT('Origin',(-15.0000002533179,28.9925452613289,47.0633351919072));
#4792=CARTESIAN_POINT('',(-17.5000002533179,28.9925452613289,43.4583351919072));
#4793=CARTESIAN_POINT('',(-12.5000002533179,28.9925452613289,50.7023351919073));
#4794=CARTESIAN_POINT('Origin',(-20.0000002533179,34.9925452613289,43.4583351919072));
#4795=CARTESIAN_POINT('',(-20.0000002533181,32.9925452613319,43.4583351919072));
#4796=CARTESIAN_POINT('Origin',(20.0000136430245,22.9925452613286,-10.0000001490116));
#4797=CARTESIAN_POINT('Origin',(17.0000002533199,22.9925452613286,33.0000005662441));
#4798=CARTESIAN_POINT('Origin',(-15.0000002533169,28.9925452613289,37.4472092536996));
#4799=CARTESIAN_POINT('',(-20.0000002533179,28.9925452613289,33.8652172746426));
#4800=CARTESIAN_POINT('',(-10.000000253316,28.9925452613288,41.0292012327566));
#4801=CARTESIAN_POINT('Origin',(-19.0000002533184,33.9925452613319,33.8653351919072));
#4802=CARTESIAN_POINT('',(-18.0000002533184,32.9925452613319,33.8653351919072));
#4803=CARTESIAN_POINT('Origin',(-18.0000002533184,32.9925452613319,42.6633351919072));
#4804=CARTESIAN_POINT('',(-14.0000002533172,32.9925452613319,41.0292012327566));
#4805=CARTESIAN_POINT('Origin',(-10.000000253316,34.9925452613288,41.0292012327566));
#4806=CARTESIAN_POINT('Origin',(-20.0000002533179,34.9925452613289,33.8652172746426));
#4807=CARTESIAN_POINT('Origin',(-20.0000002533184,32.9925452613319,42.6633351919072));
#4808=CARTESIAN_POINT('',(-15.0000002533181,32.9925452613319,50.7023351919073));
#4809=CARTESIAN_POINT('Origin',(-10.0000002533179,34.9925452613289,50.7023351919073));
#4810=CARTESIAN_POINT('Origin',(-17.0000002533196,22.4405452613288,57.0000007897615));
#4811=CARTESIAN_POINT('',(-17.0423666729114,22.4405452613288,58.5196041626615));
#4812=CARTESIAN_POINT('Origin',(-17.0000002533196,68.1511668807054,58.5219701913067));
#4813=CARTESIAN_POINT('Origin',(11.5000001713634,-33.2095637903426,17.8490536934252));
#4814=CARTESIAN_POINT('',(15.7500069071939,-30.694311036886,17.8490536934252));
#4815=CARTESIAN_POINT('Origin',(20.0000136430245,-26.0000002980232,-4.37942415101028));
#4816=CARTESIAN_POINT('',(20.0000136430245,-30.694311036886,17.7133541578357));
#4817=CARTESIAN_POINT('Origin',(20.0000136430245,-28.4462562146639,11.3809622926294));
#4818=CARTESIAN_POINT('',(20.0000136430245,-27.9258435980093,8.93175063868117));
#4819=CARTESIAN_POINT('',(20.0000136430245,-28.4462562146639,11.3809622926294));
#4820=CARTESIAN_POINT('Origin',(20.0000136430245,-27.9258435980093,8.93175063868117));
#4821=CARTESIAN_POINT('',(20.0000136430245,-26.4259082985932,8.93175063868117));
#4822=CARTESIAN_POINT('Origin',(20.0000136430245,-29.4257788974254,15.9908781423794));
#4823=CARTESIAN_POINT('',(20.0000136430245,-28.8747088821591,13.3973839411669));
#4824=CARTESIAN_POINT('',(20.0000136430245,-29.4257788974254,15.9908781423794));
#4825=CARTESIAN_POINT('Origin',(20.0000136430245,-28.8747088821591,13.3973839411669));
#4826=CARTESIAN_POINT('',(20.0000136430245,-26.4259082985932,13.3973839411669));
#4827=CARTESIAN_POINT('Origin',(20.0000136430245,-27.3161430074361,6.06232406434037));
#4828=CARTESIAN_POINT('',(20.0000136430245,-26.4259082985932,1.8726231349829));
#4829=CARTESIAN_POINT('',(20.0000136430245,-27.3161430074361,6.06232406434037));
#4830=CARTESIAN_POINT('Origin',(20.0000136430245,-30.694311036886,17.7133541578357));
#4831=CARTESIAN_POINT('Origin',(20.0000136430245,-26.0000002980232,-4.37942415101028));
#4832=CARTESIAN_POINT('Origin',(20.0000136430245,-26.4259082985932,11.3809622926294));
#4833=CARTESIAN_POINT('',(20.0000136430245,-26.4259082985932,11.3809622926294));
#4834=CARTESIAN_POINT('Origin',(20.0000136430245,-26.4259082985932,8.93175063868117));
#4835=CARTESIAN_POINT('Origin',(20.0000136430245,-26.4259082985932,15.9908781423794));
#4836=CARTESIAN_POINT('',(20.0000136430245,-26.4259082985932,15.9908781423794));
#4837=CARTESIAN_POINT('Origin',(20.0000136430245,-26.4259082985932,13.3973839411669));
#4838=CARTESIAN_POINT('Origin',(20.0000136430245,-26.4259082985932,6.06232406434037));
#4839=CARTESIAN_POINT('',(20.0000136430245,-26.4259082985932,6.06232406434037));
#4840=CARTESIAN_POINT('Origin',(20.0000136430245,-26.4259082985932,1.8726231349829));
#4841=CARTESIAN_POINT('',(0.,0.,0.));
#4842=UNCERTAINTY_MEASURE_WITH_UNIT(LENGTH_MEASURE(0.01),#4848,
'DISTANCE_ACCURACY_VALUE',
'Maximum model space distance between geometric entities at asserted c
onnectivities');
#4843=UNCERTAINTY_MEASURE_WITH_UNIT(LENGTH_MEASURE(0.01),#4848,
'DISTANCE_ACCURACY_VALUE',
'Maximum model space distance between geometric entities at asserted c
onnectivities');
#4844=UNCERTAINTY_MEASURE_WITH_UNIT(LENGTH_MEASURE(0.01),#4848,
'DISTANCE_ACCURACY_VALUE',
'Maximum model space distance between geometric entities at asserted c
onnectivities');
#4845=(
GEOMETRIC_REPRESENTATION_CONTEXT(3)
GLOBAL_UNCERTAINTY_ASSIGNED_CONTEXT((#4842))
GLOBAL_UNIT_ASSIGNED_CONTEXT((#4848,#4850,#4851))
REPRESENTATION_CONTEXT('','3D')
);
#4846=(
GEOMETRIC_REPRESENTATION_CONTEXT(3)
GLOBAL_UNCERTAINTY_ASSIGNED_CONTEXT((#4843))
GLOBAL_UNIT_ASSIGNED_CONTEXT((#4848,#4850,#4851))
REPRESENTATION_CONTEXT('','3D')
);
#4847=(
GEOMETRIC_REPRESENTATION_CONTEXT(3)
GLOBAL_UNCERTAINTY_ASSIGNED_CONTEXT((#4844))
GLOBAL_UNIT_ASSIGNED_CONTEXT((#4848,#4850,#4851))
REPRESENTATION_CONTEXT('','3D')
);
#4848=(
LENGTH_UNIT()
NAMED_UNIT(*)
SI_UNIT(.MILLI.,.METRE.)
);
#4849=(
LENGTH_UNIT()
NAMED_UNIT(*)
SI_UNIT($,.METRE.)
);
#4850=(
NAMED_UNIT(*)
PLANE_ANGLE_UNIT()
SI_UNIT($,.RADIAN.)
);
#4851=(
NAMED_UNIT(*)
SI_UNIT($,.STERADIAN.)
SOLID_ANGLE_UNIT()
);
#4852=SHAPE_DEFINITION_REPRESENTATION(#4854,#4857);
#4853=SHAPE_DEFINITION_REPRESENTATION(#4855,#4858);
#4854=PRODUCT_DEFINITION_SHAPE('',$,#4860);
#4855=PRODUCT_DEFINITION_SHAPE('',$,#4861);
#4856=PRODUCT_DEFINITION_SHAPE($,$,#14);
#4857=SHAPE_REPRESENTATION('',(#2919,#3115),#4845);
#4858=SHAPE_REPRESENTATION('',(#2920),#4846);
#4859=PRODUCT_DEFINITION_CONTEXT('part definition',#4867,'design');
#4860=PRODUCT_DEFINITION('TOOLHEAD','TOOLHEAD v15',#4862,#4859);
#4861=PRODUCT_DEFINITION('Component23','Component23',#4863,#4859);
#4862=PRODUCT_DEFINITION_FORMATION('',$,#4869);
#4863=PRODUCT_DEFINITION_FORMATION('',$,#4870);
#4864=PRODUCT_RELATED_PRODUCT_CATEGORY('TOOLHEAD v15','TOOLHEAD v15',(#4869));
#4865=PRODUCT_RELATED_PRODUCT_CATEGORY('Component23','Component23',(#4870));
#4866=APPLICATION_PROTOCOL_DEFINITION('international standard',
'automotive_design',2009,#4867);
#4867=APPLICATION_CONTEXT(
'Core Data for Automotive Mechanical Design Process');
#4868=PRODUCT_CONTEXT('part definition',#4867,'mechanical');
#4869=PRODUCT('TOOLHEAD','TOOLHEAD v15',$,(#4868));
#4870=PRODUCT('Component23','Component23',$,(#4868));
#4871=PRESENTATION_STYLE_ASSIGNMENT((#4877));
#4872=PRESENTATION_STYLE_ASSIGNMENT((#4878));
#4873=PRESENTATION_STYLE_ASSIGNMENT((#4879));
#4874=PRESENTATION_STYLE_ASSIGNMENT((#4880));
#4875=PRESENTATION_STYLE_ASSIGNMENT((#4881));
#4876=PRESENTATION_STYLE_ASSIGNMENT((#4882));
#4877=SURFACE_STYLE_USAGE(.BOTH.,#4883);
#4878=SURFACE_STYLE_USAGE(.BOTH.,#4884);
#4879=SURFACE_STYLE_USAGE(.BOTH.,#4885);
#4880=SURFACE_STYLE_USAGE(.BOTH.,#4886);
#4881=SURFACE_STYLE_USAGE(.BOTH.,#4887);
#4882=SURFACE_STYLE_USAGE(.BOTH.,#4888);
#4883=SURFACE_SIDE_STYLE('',(#4889));
#4884=SURFACE_SIDE_STYLE('',(#4890));
#4885=SURFACE_SIDE_STYLE('',(#4891));
#4886=SURFACE_SIDE_STYLE('',(#4892));
#4887=SURFACE_SIDE_STYLE('',(#4893));
#4888=SURFACE_SIDE_STYLE('',(#4894));
#4889=SURFACE_STYLE_FILL_AREA(#4895);
#4890=SURFACE_STYLE_FILL_AREA(#4896);
#4891=SURFACE_STYLE_FILL_AREA(#4897);
#4892=SURFACE_STYLE_FILL_AREA(#4898);
#4893=SURFACE_STYLE_FILL_AREA(#4899);
#4894=SURFACE_STYLE_FILL_AREA(#4900);
#4895=FILL_AREA_STYLE('Opaque(0,100,255)',(#4901));
#4896=FILL_AREA_STYLE('Paint - Metallic (Green)',(#4902));
#4897=FILL_AREA_STYLE('Steel - Satin',(#4903));
#4898=FILL_AREA_STYLE('Fabric (Blue)',(#4904));
#4899=FILL_AREA_STYLE('Opaque(0,133,255)',(#4905));
#4900=FILL_AREA_STYLE('Opaque(29,29,29)',(#4906));
#4901=FILL_AREA_STYLE_COLOUR('Opaque(0,100,255)',#4907);
#4902=FILL_AREA_STYLE_COLOUR('Paint - Metallic (Green)',#4908);
#4903=FILL_AREA_STYLE_COLOUR('Steel - Satin',#4909);
#4904=FILL_AREA_STYLE_COLOUR('Fabric (Blue)',#4910);
#4905=FILL_AREA_STYLE_COLOUR('Opaque(0,133,255)',#4911);
#4906=FILL_AREA_STYLE_COLOUR('Opaque(29,29,29)',#4912);
#4907=COLOUR_RGB('Opaque(0,100,255)',0.,0.392156862745098,1.);
#4908=COLOUR_RGB('Paint - Metallic (Green)',0.266666666666667,0.588235294117647,
0.282352941176471);
#4909=COLOUR_RGB('Steel - Satin',0.627450980392157,0.627450980392157,0.627450980392157);
#4910=COLOUR_RGB('Fabric (Blue)',0.,0.,0.);
#4911=COLOUR_RGB('Opaque(0,133,255)',0.,0.52156862745098,1.);
#4912=COLOUR_RGB('Opaque(29,29,29)',0.113725490196078,0.113725490196078,
0.113725490196078);
ENDSEC;
END-ISO-10303-21;
